0 1
0 2
0 29
0 31
0 35
0 41
0 43
0 100
0 122
0 131
0 134
0 145
0 158
0 160
0 193
0 210
0 254
0 280
0 301
0 311
0 312
0 322
0 396
0 476
0 651
0 855
0 1013
0 1270
0 1311
0 1439
0 1625
0 1654
0 1674
0 1778
0 1789
1 2
1 4
1 399
1 1126
2 3
2 8
2 25
2 26
2 31
2 35
2 40
2 41
2 43
2 50
2 57
2 59
2 61
2 66
2 67
2 71
2 82
2 83
2 87
2 98
2 104
2 131
2 134
2 143
2 145
2 154
2 171
2 172
2 175
2 179
2 184
2 193
2 198
2 220
2 223
2 233
2 241
2 242
2 248
2 251
2 256
2 280
2 282
2 284
2 287
2 301
2 307
2 311
2 316
2 320
2 322
2 332
2 337
2 345
2 370
2 371
2 373
2 376
2 384
2 393
2 407
2 414
2 474
2 476
2 481
2 486
2 487
2 494
2 497
2 503
2 508
2 544
2 554
2 568
2 581
2 589
2 609
2 610
2 614
2 617
2 639
2 640
2 644
2 651
2 680
2 686
2 696
2 699
2 700
2 710
2 730
2 739
2 740
2 751
2 753
2 767
2 777
2 780
2 781
2 789
2 793
2 799
2 809
2 813
2 822
2 823
2 839
2 845
2 864
2 880
2 892
2 927
2 932
2 969
2 1041
2 1102
2 1109
2 1112
2 1116
2 1126
2 1153
2 1166
2 1179
2 1182
2 1184
2 1186
2 1188
2 1189
2 1191
2 1195
2 1207
2 1230
2 1236
2 1248
2 1261
2 1269
2 1280
2 1284
2 1287
2 1314
2 1316
2 1334
2 1339
2 1342
2 1343
2 1348
2 1351
2 1370
2 1372
2 1411
2 1414
2 1418
2 1439
2 1460
2 1462
2 1500
2 1509
2 1564
2 1576
2 1577
2 1584
2 1608
2 1619
2 1625
2 1648
2 1661
2 1710
2 1712
2 1727
2 1737
2 1747
2 1750
2 1783
2 1792
2 1794
2 1806
5 6
5 35
5 47
5 68
5 72
5 83
5 87
5 89
5 95
5 121
5 123
5 139
5 142
5 145
5 200
5 211
5 220
5 251
5 273
5 276
5 277
5 298
5 302
5 306
5 316
5 324
5 334
5 340
5 342
5 349
5 375
5 377
5 397
5 403
5 408
5 412
5 421
5 438
5 446
5 471
5 478
5 480
5 514
5 539
5 565
5 573
5 577
5 590
5 596
5 602
5 635
5 638
5 641
5 685
5 686
5 703
5 711
5 738
5 752
5 793
5 832
5 1019
5 1173
5 1179
5 1409
6 7
6 25
6 678
6 855
7 8
7 11
7 18
7 22
7 31
7 57
7 66
7 78
7 83
7 86
7 98
7 102
7 104
7 123
7 128
7 154
7 163
7 175
7 188
7 223
7 248
7 249
7 253
7 265
7 275
7 288
7 320
7 341
7 345
7 348
7 356
7 394
7 397
7 399
7 402
7 408
7 422
7 429
7 431
7 478
7 481
7 519
7 556
7 614
7 623
7 633
7 643
7 770
7 833
7 846
7 985
7 999
7 1188
7 1237
7 1268
7 1284
7 1521
7 1538
7 1666
7 1755
7 1798
7 1813
7 1898
8 9
8 10
8 11
8 13
8 14
8 15
8 16
8 17
8 19
8 21
8 23
8 26
8 31
8 33
8 39
8 48
8 51
8 52
8 55
8 57
8 60
8 63
8 66
8 71
8 75
8 77
8 85
8 87
8 96
8 100
8 104
8 108
8 119
8 120
8 126
8 131
8 134
8 135
8 141
8 143
8 147
8 148
8 149
8 150
8 151
8 152
8 153
8 156
8 164
8 174
8 176
8 189
8 193
8 208
8 211
8 215
8 232
8 234
8 243
8 250
8 251
8 255
8 259
8 261
8 281
8 287
8 293
8 294
8 298
8 307
8 310
8 312
8 313
8 314
8 315
8 316
8 317
8 329
8 342
8 357
8 365
8 367
8 370
8 385
8 388
8 390
8 404
8 408
8 410
8 459
8 462
8 464
8 465
8 471
8 476
8 481
8 497
8 501
8 513
8 526
8 527
8 542
8 560
8 565
8 568
8 595
8 597
8 600
8 606
8 616
8 625
8 635
8 637
8 639
8 651
8 653
8 657
8 678
8 680
8 682
8 685
8 696
8 698
8 707
8 710
8 712
8 723
8 739
8 752
8 765
8 770
8 782
8 783
8 787
8 797
8 801
8 833
8 834
8 843
8 846
8 858
8 861
8 898
8 900
8 927
8 937
8 976
8 977
8 993
8 996
8 1038
8 1049
8 1061
8 1117
8 1120
8 1131
8 1168
8 1180
8 1182
8 1183
8 1184
8 1187
8 1189
8 1190
8 1195
8 1196
8 1197
8 1205
8 1254
8 1260
8 1264
8 1278
8 1279
8 1280
8 1284
8 1307
8 1311
8 1312
8 1316
8 1322
8 1331
8 1337
8 1341
8 1342
8 1345
8 1379
8 1386
8 1400
8 1401
8 1419
8 1422
8 1433
8 1443
8 1444
8 1449
8 1450
8 1451
8 1452
8 1466
8 1488
8 1500
8 1509
8 1520
8 1544
8 1557
8 1572
8 1579
8 1617
8 1620
8 1621
8 1623
8 1636
8 1639
8 1640
8 1641
8 1642
8 1643
8 1645
8 1646
8 1647
8 1648
8 1649
8 1650
8 1651
8 1654
8 1681
8 1700
8 1705
8 1718
8 1730
8 1741
8 1748
8 1751
8 1752
8 1758
8 1759
8 1762
8 1780
8 1838
9 1257
10 40
10 399
11 12
11 26
11 31
11 65
11 66
11 72
11 79
11 80
11 89
11 95
11 100
11 102
11 108
11 117
11 127
11 139
11 141
11 142
11 143
11 147
11 167
11 172
11 174
11 175
11 259
11 281
11 287
11 296
11 299
11 301
11 307
11 315
11 318
11 342
11 354
11 357
11 359
11 365
11 388
11 390
11 391
11 397
11 401
11 408
11 414
11 438
11 474
11 478
11 479
11 501
11 512
11 526
11 535
11 542
11 546
11 568
11 585
11 587
11 592
11 597
11 598
11 602
11 604
11 608
11 616
11 633
11 637
11 657
11 678
11 680
11 688
11 696
11 710
11 712
11 718
11 752
11 756
11 757
11 765
11 783
11 813
11 816
11 822
11 824
11 829
11 833
11 839
11 856
11 867
11 925
11 937
11 968
11 973
11 983
11 985
11 990
11 996
11 997
11 1038
11 1041
11 1067
11 1079
11 1101
11 1105
11 1117
11 1120
11 1137
11 1152
11 1187
11 1213
11 1245
11 1251
11 1254
11 1280
11 1283
11 1285
11 1296
11 1311
11 1312
11 1337
11 1342
11 1343
11 1378
11 1386
11 1401
11 1405
11 1419
11 1432
11 1439
11 1484
11 1492
11 1519
11 1544
11 1576
11 1623
11 1638
11 1643
11 1762
11 1807
11 1830
12 40
12 399
13 40
13 43
14 40
14 399
14 522
16 712
17 18
18 21
18 35
18 43
18 51
18 57
18 63
18 64
18 71
18 81
18 84
18 104
18 108
18 110
18 113
18 119
18 133
18 138
18 139
18 157
18 174
18 210
18 214
18 219
18 232
18 255
18 264
18 301
18 330
18 334
18 352
18 364
18 388
18 395
18 408
18 409
18 418
18 419
18 433
18 442
18 445
18 446
18 450
18 477
18 479
18 480
18 511
18 518
18 524
18 526
18 537
18 565
18 582
18 592
18 597
18 600
18 638
18 653
18 710
18 763
18 805
18 858
18 861
18 873
18 885
18 900
18 923
18 956
18 985
18 990
18 996
18 1014
18 1015
18 1025
18 1045
18 1067
18 1068
18 1071
18 1077
18 1097
18 1098
18 1129
18 1130
18 1131
18 1132
18 1135
18 1180
18 1206
18 1220
18 1245
18 1259
18 1280
18 1298
18 1312
18 1389
18 1429
18 1434
18 1482
18 1504
18 1572
18 1623
18 1644
18 1663
18 1714
18 1741
18 1748
18 1802
18 1805
18 1881
19 20
19 102
19 175
19 198
19 274
19 399
20 24
21 45
22 143
24 28
24 796
25 31
25 52
25 62
25 121
25 145
25 193
25 226
25 371
25 385
25 403
25 461
25 616
25 644
25 678
25 822
25 1013
25 1032
25 1175
25 1280
25 1382
26 27
26 41
26 86
26 104
26 183
26 193
26 220
26 233
26 270
26 277
26 341
26 397
26 405
26 413
26 421
26 429
26 455
26 478
26 480
26 581
26 597
26 619
26 651
26 685
26 793
26 948
26 952
26 966
26 969
26 994
26 995
26 1008
26 1030
26 1078
26 1157
26 1161
26 1219
26 1282
26 1284
26 1331
26 1424
26 1433
26 1471
26 1564
26 1597
26 1685
26 1712
26 1875
28 57
28 84
28 388
28 442
28 568
28 604
28 637
28 653
28 656
28 696
28 822
28 849
28 1071
28 1135
28 1247
28 1301
28 1393
28 1401
28 1539
28 1586
29 30
29 71
29 102
29 130
29 131
29 160
29 161
29 253
29 391
29 403
29 643
29 678
29 1013
29 1175
29 1666
31 32
31 35
31 40
31 41
31 43
31 51
31 57
31 58
31 59
31 62
31 66
31 67
31 71
31 76
31 87
31 95
31 100
31 104
31 108
31 117
31 124
31 127
31 129
31 142
31 143
31 153
31 154
31 163
31 173
31 174
31 175
31 176
31 178
31 183
31 184
31 193
31 197
31 208
31 218
31 219
31 236
31 242
31 248
31 262
31 273
31 280
31 282
31 290
31 307
31 310
31 311
31 316
31 348
31 352
31 357
31 374
31 376
31 377
31 378
31 392
31 395
31 399
31 428
31 429
31 430
31 442
31 450
31 452
31 459
31 461
31 473
31 481
31 493
31 517
31 519
31 522
31 524
31 526
31 545
31 546
31 550
31 597
31 598
31 604
31 625
31 631
31 635
31 637
31 639
31 643
31 653
31 672
31 680
31 682
31 696
31 697
31 703
31 707
31 710
31 712
31 752
31 769
31 772
31 779
31 791
31 798
31 814
31 817
31 824
31 825
31 839
31 858
31 925
31 937
31 939
31 956
31 982
31 990
31 1001
31 1004
31 1014
31 1020
31 1033
31 1035
31 1038
31 1041
31 1049
31 1052
31 1067
31 1071
31 1080
31 1092
31 1098
31 1102
31 1126
31 1131
31 1166
31 1182
31 1183
31 1189
31 1195
31 1210
31 1216
31 1226
31 1230
31 1231
31 1233
31 1237
31 1254
31 1259
31 1280
31 1284
31 1311
31 1335
31 1337
31 1371
31 1372
31 1384
31 1385
31 1394
31 1401
31 1402
31 1462
31 1487
31 1496
31 1504
31 1517
31 1518
31 1542
31 1545
31 1564
31 1572
31 1576
31 1579
31 1597
31 1641
31 1644
31 1646
31 1654
31 1656
31 1664
31 1674
31 1681
31 1682
31 1688
31 1691
31 1709
31 1730
31 1748
31 1780
31 1784
31 1788
31 1790
31 1806
31 1808
31 1828
31 1830
31 1837
31 1855
31 1856
31 1877
32 33
32 104
33 34
33 35
33 43
33 52
33 57
33 68
33 87
33 100
33 107
33 108
33 154
33 188
33 211
33 241
33 276
33 281
33 285
33 287
33 296
33 298
33 310
33 312
33 313
33 317
33 318
33 322
33 323
33 334
33 342
33 350
33 364
33 395
33 408
33 446
33 482
33 501
33 526
33 537
33 550
33 582
33 591
33 598
33 653
33 697
33 706
33 712
33 760
33 767
33 801
33 814
33 842
33 858
33 1041
33 1071
33 1129
34 651
35 36
35 39
35 43
35 49
35 54
35 55
35 57
35 59
35 72
35 74
35 80
35 83
35 87
35 88
35 89
35 92
35 98
35 102
35 103
35 104
35 108
35 109
35 111
35 112
35 118
35 123
35 126
35 127
35 128
35 132
35 133
35 146
35 154
35 155
35 188
35 208
35 210
35 213
35 220
35 221
35 235
35 249
35 253
35 258
35 280
35 284
35 290
35 295
35 298
35 316
35 360
35 399
35 400
35 412
35 427
35 510
35 522
35 524
35 546
35 596
35 597
35 600
35 613
35 624
35 641
35 643
35 769
35 778
35 827
35 833
35 878
35 939
35 984
35 1032
35 1058
35 1126
35 1268
35 1280
35 1424
35 1538
35 1656
35 1712
35 1788
37 38
37 51
37 57
37 60
37 80
37 85
37 93
37 100
37 108
37 127
37 147
37 167
37 174
37 176
37 232
37 269
37 287
37 301
37 312
37 342
37 364
37 377
37 385
37 392
37 404
37 408
37 436
37 459
37 463
37 474
37 477
37 501
37 526
37 560
37 591
37 625
37 712
37 782
37 851
38 40
38 50
38 399
38 608
38 643
38 1542
40 41
40 42
40 51
40 55
40 57
40 58
40 60
40 62
40 63
40 64
40 75
40 77
40 79
40 80
40 85
40 89
40 96
40 100
40 104
40 119
40 131
40 133
40 143
40 150
40 156
40 164
40 165
40 166
40 167
40 168
40 172
40 173
40 175
40 176
40 179
40 182
40 183
40 184
40 185
40 187
40 191
40 214
40 215
40 221
40 222
40 247
40 249
40 250
40 255
40 262
40 264
40 269
40 276
40 279
40 282
40 299
40 307
40 324
40 342
40 352
40 354
40 370
40 374
40 378
40 379
40 380
40 381
40 382
40 388
40 390
40 391
40 395
40 406
40 418
40 436
40 438
40 451
40 459
40 462
40 463
40 472
40 480
40 481
40 494
40 501
40 502
40 512
40 514
40 522
40 526
40 527
40 528
40 535
40 537
40 540
40 541
40 560
40 565
40 566
40 594
40 595
40 597
40 598
40 602
40 608
40 609
40 615
40 637
40 641
40 657
40 686
40 706
40 709
40 712
40 718
40 740
40 742
40 745
40 753
40 765
40 768
40 779
40 782
40 793
40 804
40 810
40 814
40 816
40 822
40 839
40 862
40 900
40 912
40 918
40 927
40 937
40 942
40 968
40 974
40 977
40 1017
40 1028
40 1038
40 1039
40 1040
40 1042
40 1055
40 1110
40 1135
40 1141
40 1162
40 1181
40 1184
40 1197
40 1214
40 1216
40 1235
40 1247
40 1252
40 1254
40 1338
40 1422
40 1462
40 1484
40 1496
40 1541
40 1553
40 1579
40 1584
40 1588
40 1651
40 1664
40 1680
40 1744
40 1806
40 1827
41 42
41 62
41 68
41 71
41 104
41 131
41 134
41 141
41 143
41 162
41 175
41 188
41 193
41 203
41 232
41 241
41 248
41 256
41 262
41 287
41 290
41 293
41 295
41 301
41 305
41 322
41 324
41 332
41 338
41 343
41 352
41 357
41 373
41 391
41 393
41 414
41 442
41 444
41 473
41 474
41 478
41 482
41 487
41 494
41 501
41 537
41 542
41 547
41 572
41 599
41 619
41 625
41 631
41 637
41 639
41 643
41 653
41 668
41 678
41 703
41 715
41 725
41 737
41 751
41 753
41 766
41 780
41 783
41 789
41 793
41 798
41 800
41 808
41 814
41 816
41 830
41 839
41 842
41 851
41 918
41 921
41 927
41 941
41 949
41 951
41 954
41 960
41 963
41 985
41 994
41 1004
41 1017
41 1030
41 1042
41 1048
41 1049
41 1061
41 1090
41 1096
41 1112
41 1116
41 1128
41 1138
41 1141
41 1160
41 1177
41 1182
41 1189
41 1190
41 1214
41 1223
41 1225
41 1228
41 1254
41 1261
41 1265
41 1269
41 1279
41 1283
41 1287
41 1293
41 1301
41 1306
41 1307
41 1308
41 1312
41 1324
41 1328
41 1333
41 1336
41 1339
41 1345
41 1353
41 1354
41 1355
41 1356
41 1357
41 1364
41 1380
41 1401
41 1413
41 1414
41 1417
41 1427
41 1439
41 1476
41 1481
41 1486
41 1488
41 1504
41 1505
41 1506
41 1508
41 1511
41 1520
41 1525
41 1533
41 1541
41 1557
41 1558
41 1560
41 1578
41 1581
41 1596
41 1620
41 1621
41 1688
41 1689
41 1690
41 1723
41 1730
41 1743
42 1439
43 44
43 45
43 47
43 49
43 50
43 58
43 59
43 73
43 74
43 78
43 83
43 87
43 89
43 91
43 94
43 98
43 101
43 102
43 104
43 115
43 116
43 126
43 128
43 140
43 173
43 188
43 210
43 213
43 225
43 227
43 231
43 241
43 248
43 289
43 295
43 298
43 307
43 364
43 371
43 372
43 399
43 429
43 431
43 455
43 510
43 513
43 522
43 524
43 596
43 718
43 769
43 833
43 1188
43 1270
43 1405
43 1541
43 1597
43 1668
43 1712
43 1788
43 1799
43 1845
43 1849
43 1850
43 1851
43 1865
45 46
45 47
45 62
46 77
46 90
46 566
46 813
46 1141
46 1298
46 1539
47 51
47 57
47 67
47 78
47 80
47 85
47 89
47 95
47 96
47 143
47 144
47 151
47 174
47 203
47 211
47 219
47 255
47 258
47 265
47 273
47 306
47 310
47 313
47 322
47 370
47 376
47 446
47 473
47 537
47 620
47 637
47 682
47 700
47 712
47 720
47 752
47 757
47 761
47 839
47 985
47 1014
47 1135
47 1183
47 1247
47 1279
47 1285
47 1345
47 1539
47 1623
47 1654
49 61
49 101
49 174
49 233
49 265
49 276
49 287
49 295
49 310
49 334
49 375
49 376
49 385
49 408
49 480
49 585
49 595
49 625
49 653
49 678
49 696
49 700
49 754
49 757
49 780
49 822
49 855
49 858
49 918
49 985
49 1099
49 1130
49 1135
49 1189
49 1226
49 1247
49 1252
49 1280
49 1283
49 1316
49 1462
49 1486
49 1495
49 1539
49 1597
49 1615
50 51
50 57
50 58
50 69
50 85
50 100
50 119
50 127
50 143
50 148
50 156
50 203
50 211
50 214
50 259
50 266
50 276
50 287
50 293
50 301
50 306
50 313
50 323
50 330
50 378
50 418
50 428
50 446
50 464
50 465
50 475
50 488
50 501
50 522
50 524
50 527
50 528
50 529
50 552
50 560
50 587
50 600
50 637
50 657
50 912
50 918
50 968
50 1216
50 1435
50 1774
51 66
51 94
51 102
51 104
51 200
51 248
51 299
51 308
51 320
51 327
51 356
51 367
51 399
51 424
51 430
51 447
51 496
51 508
51 630
51 643
51 645
51 651
51 680
51 724
51 732
51 748
51 761
51 939
51 965
51 1041
51 1184
51 1234
51 1236
51 1268
51 1282
51 1284
51 1507
51 1542
51 1597
51 1697
51 1700
51 1782
52 53
52 61
52 86
52 175
52 180
52 233
52 249
52 252
52 253
52 290
52 304
52 307
52 324
52 339
52 340
52 342
52 345
52 356
52 376
52 407
52 412
52 415
52 455
52 480
52 541
52 593
52 614
52 619
52 641
52 645
52 710
52 738
52 784
52 833
52 846
52 854
52 952
52 974
52 1017
52 1041
52 1100
52 1117
52 1137
52 1138
52 1201
52 1243
52 1271
52 1280
52 1282
52 1313
52 1331
52 1348
52 1387
52 1431
52 1437
52 1507
52 1550
52 1584
52 1614
52 1622
52 1635
52 1656
52 1666
53 392
53 1127
53 1382
54 620
55 56
55 60
55 67
55 89
55 102
55 104
55 153
55 169
55 170
55 171
55 213
55 339
55 344
55 778
56 595
56 707
56 797
56 801
56 1282
56 1615
57 70
57 78
57 79
57 82
57 86
57 102
57 104
57 118
57 141
57 175
57 198
57 429
57 810
57 1035
57 1325
57 1339
58 66
58 82
58 103
58 398
58 399
58 430
58 447
58 480
58 513
58 643
58 776
58 938
58 1601
58 1740
59 61
59 62
59 193
59 244
59 295
59 307
59 334
59 604
59 678
59 700
59 918
59 1003
59 1129
59 1172
59 1183
59 1247
59 1280
59 1462
60 67
60 102
60 104
60 123
60 175
60 227
60 248
60 324
60 399
60 491
60 541
60 572
60 769
60 826
60 939
60 1712
60 1720
60 1898
61 77
61 95
61 101
61 102
61 127
61 135
61 161
61 193
61 203
61 214
61 219
61 235
61 259
61 265
61 277
61 284
61 296
61 333
61 342
61 346
61 348
61 353
61 366
61 367
61 370
61 374
61 388
61 392
61 421
61 453
61 462
61 464
61 474
61 480
61 482
61 501
61 550
61 553
61 554
61 566
61 595
61 597
61 604
61 606
61 678
61 687
61 842
61 948
61 1189
61 1223
61 1280
61 1372
62 66
62 72
62 73
62 78
62 86
62 91
62 94
62 102
62 104
62 126
62 154
62 160
62 173
62 175
62 183
62 184
62 192
62 198
62 201
62 227
62 241
62 248
62 277
62 289
62 295
62 296
62 300
62 312
62 331
62 336
62 337
62 338
62 341
62 355
62 356
62 384
62 399
62 429
62 493
62 513
62 546
62 548
62 556
62 559
62 608
62 703
62 705
62 718
62 723
62 724
62 727
62 766
62 769
62 796
62 800
62 813
62 846
62 864
62 911
62 922
62 941
62 948
62 962
62 989
62 995
62 1109
62 1113
62 1173
62 1270
62 1301
62 1309
62 1516
62 1519
62 1542
62 1603
62 1712
63 399
63 522
64 288
64 356
64 999
65 102
65 211
65 281
66 68
66 71
66 73
66 87
66 89
66 96
66 131
66 142
66 153
66 163
66 171
66 172
66 174
66 179
66 211
66 214
66 219
66 235
66 241
66 248
66 255
66 259
66 272
66 276
66 280
66 281
66 287
66 306
66 312
66 317
66 322
66 342
66 364
66 365
66 370
66 377
66 393
66 395
66 409
66 423
66 429
66 439
66 448
66 450
66 459
66 461
66 473
66 474
66 481
66 494
66 501
66 520
66 522
66 526
66 528
66 532
66 533
66 534
66 535
66 594
66 597
66 600
66 606
66 656
66 678
66 682
66 696
66 709
66 712
66 720
66 782
66 787
66 797
66 805
66 808
66 821
66 824
66 842
66 861
66 900
66 907
66 916
66 927
66 937
66 977
66 999
66 1033
66 1038
66 1041
66 1071
66 1091
66 1102
66 1131
66 1136
66 1183
66 1205
66 1215
66 1216
66 1230
66 1235
66 1238
66 1254
66 1259
66 1295
66 1301
66 1303
66 1312
66 1337
66 1343
66 1345
66 1386
66 1401
66 1402
66 1416
66 1425
66 1426
66 1429
66 1444
66 1488
66 1495
66 1496
66 1500
66 1506
66 1537
66 1545
66 1564
66 1572
66 1602
66 1636
66 1643
66 1656
66 1664
66 1674
66 1747
66 1748
66 1759
66 1766
66 1767
66 1768
66 1769
66 1774
66 1775
66 1776
66 1780
66 1784
66 1795
66 1808
66 1830
67 96
67 100
67 134
67 172
67 203
67 265
67 276
67 307
67 320
67 322
67 374
67 388
67 390
67 436
67 474
67 494
67 516
67 597
67 598
67 606
67 637
67 699
67 782
67 797
67 831
67 839
67 870
67 892
67 923
67 937
67 951
67 968
67 1213
67 1280
67 1401
68 74
68 78
68 83
68 94
68 103
68 118
68 123
68 154
68 184
68 227
68 251
68 253
68 262
68 270
68 282
68 288
68 292
68 307
68 348
68 355
68 356
68 367
68 372
68 402
68 417
68 429
68 447
68 449
68 497
68 648
68 651
68 686
68 703
68 726
68 732
68 751
68 914
68 995
68 1003
68 1033
68 1126
68 1268
68 1295
68 1507
68 1538
68 1542
68 1715
68 1755
69 78
69 89
69 123
69 162
69 173
69 384
69 399
69 481
69 522
69 572
69 619
69 673
69 943
69 1112
69 1542
69 1712
70 71
71 102
71 104
71 105
71 123
71 159
71 162
71 175
71 188
71 193
71 198
71 223
71 248
71 249
71 262
71 265
71 282
71 290
71 302
71 309
71 317
71 320
71 324
71 334
71 336
71 356
71 371
71 391
71 397
71 429
71 582
71 594
71 595
71 610
71 616
71 643
71 645
71 651
71 676
71 677
71 678
71 682
71 685
71 687
71 700
71 703
71 767
71 833
71 856
71 860
71 882
71 941
71 965
71 966
71 1038
71 1044
71 1051
71 1067
71 1100
71 1123
71 1138
71 1222
71 1226
71 1252
71 1282
71 1315
71 1316
71 1712
71 1764
71 1791
72 73
72 141
72 211
72 251
72 276
72 322
72 342
72 371
72 378
72 388
72 390
72 392
72 451
72 453
72 459
72 462
72 524
72 595
72 604
72 616
72 625
72 651
72 657
72 696
72 752
72 772
72 786
72 925
72 985
72 990
72 1280
72 1645
73 95
73 211
73 273
73 276
73 301
73 315
73 342
73 377
73 378
73 388
73 395
73 397
73 407
73 408
73 418
73 436
73 448
73 458
73 459
73 462
73 473
73 474
73 502
73 512
73 518
73 526
73 527
73 536
73 540
73 543
73 560
73 591
73 597
73 598
73 604
73 606
73 616
73 634
73 637
73 679
73 685
73 696
73 698
73 706
73 707
73 712
73 752
73 757
73 764
73 787
73 839
73 859
73 873
73 939
73 1068
73 1280
74 96
74 119
74 211
74 296
74 312
74 320
74 322
74 474
74 1040
75 257
75 398
75 399
77 190
77 312
77 325
77 967
77 990
78 108
78 165
78 203
78 219
78 255
78 259
78 276
78 364
78 385
78 598
79 193
79 276
79 308
79 462
79 599
79 608
79 614
79 822
79 927
79 1040
79 1188
79 1247
80 90
80 94
80 104
80 175
80 203
80 399
80 1433
81 102
81 399
82 193
82 312
82 367
82 385
82 535
82 550
82 834
82 839
82 1059
82 1243
83 85
83 93
83 320
83 390
83 436
83 450
83 522
83 597
83 637
83 638
83 764
83 900
83 999
83 1102
83 1210
83 1646
84 102
84 123
84 192
84 210
84 248
84 321
84 399
84 430
84 732
84 952
84 1012
84 1082
84 1235
84 1252
84 1282
84 1325
84 1415
84 1433
84 1555
84 1578
84 1597
84 1712
85 102
85 175
85 288
85 1268
86 392
86 474
86 501
86 637
86 653
86 712
86 937
86 1259
87 95
87 100
87 143
87 144
87 193
87 211
87 219
87 232
87 296
87 320
87 322
87 334
87 357
87 366
87 426
87 430
87 597
87 604
87 637
87 672
87 678
87 700
87 912
87 951
87 1280
87 1597
88 522
89 104
89 256
89 268
89 397
89 478
89 593
89 597
89 604
89 616
89 641
89 696
89 712
89 792
89 808
89 840
89 966
89 1005
89 1071
89 1282
89 1338
89 1647
90 91
90 1236
92 102
92 210
92 524
92 1615
92 1623
93 175
93 319
93 515
93 927
93 964
94 95
94 108
94 142
94 144
94 153
94 167
94 174
94 219
94 298
94 310
94 313
94 318
94 344
94 364
94 370
94 376
94 392
94 446
94 524
94 560
94 591
94 606
94 620
94 625
94 637
94 653
94 681
94 696
94 706
94 707
94 711
94 712
94 718
94 752
94 772
94 858
94 861
94 867
94 918
94 923
94 937
94 959
94 982
94 1117
94 1160
94 1189
94 1237
94 1245
94 1250
94 1254
94 1259
94 1321
94 1364
94 1384
94 1386
94 1392
94 1401
94 1402
94 1418
94 1451
94 1509
94 1547
94 1572
94 1577
94 1579
94 1623
94 1640
94 1647
94 1648
94 1672
94 1691
94 1748
94 1766
94 1787
94 1788
94 1795
94 1807
94 1836
94 1838
94 1839
94 1841
94 1842
94 1848
94 1858
94 1864
95 104
95 123
95 136
95 162
95 163
95 223
95 230
95 231
95 248
95 516
95 703
95 780
95 827
95 1268
96 97
96 101
96 102
96 103
96 104
96 123
96 127
96 175
96 180
96 184
96 190
96 193
96 227
96 248
96 251
96 265
96 284
96 288
96 307
96 309
96 315
96 322
96 324
96 326
96 337
96 348
96 351
96 371
96 397
96 399
96 406
96 420
96 421
96 422
96 429
96 468
96 480
96 481
96 497
96 508
96 541
96 545
96 558
96 562
96 618
96 623
96 628
96 631
96 643
96 650
96 686
96 713
96 725
96 769
96 846
96 870
96 933
96 993
96 995
96 1042
96 1166
96 1188
96 1284
96 1325
96 1437
96 1479
96 1521
96 1726
96 1747
97 101
97 102
97 193
97 322
97 334
97 512
97 637
97 1068
98 125
98 143
98 153
98 193
98 348
98 350
98 560
98 625
98 653
98 809
98 912
98 1245
98 1337
99 100
99 117
99 242
100 102
100 104
100 114
100 117
100 123
100 175
100 183
100 189
100 192
100 197
100 198
100 207
100 210
100 213
100 242
100 249
100 270
100 281
100 369
100 399
100 422
100 461
100 481
100 495
100 513
100 514
100 556
100 732
100 769
100 846
100 898
100 990
100 1001
100 1112
100 1268
100 1280
100 1282
100 1380
101 244
101 315
101 322
101 354
101 438
101 502
101 637
101 643
101 644
101 678
101 712
101 757
101 942
101 1068
101 1214
101 1448
102 108
102 113
102 116
102 126
102 127
102 131
102 133
102 134
102 142
102 143
102 148
102 150
102 153
102 157
102 165
102 167
102 172
102 174
102 176
102 182
102 184
102 187
102 189
102 191
102 203
102 209
102 210
102 214
102 219
102 220
102 227
102 232
102 255
102 259
102 264
102 265
102 266
102 269
102 276
102 281
102 293
102 298
102 305
102 310
102 313
102 315
102 317
102 323
102 342
102 343
102 344
102 352
102 357
102 359
102 364
102 370
102 371
102 374
102 376
102 377
102 378
102 385
102 390
102 391
102 392
102 395
102 401
102 404
102 408
102 416
102 428
102 436
102 438
102 440
102 444
102 446
102 451
102 453
102 455
102 459
102 461
102 463
102 464
102 465
102 474
102 478
102 479
102 488
102 494
102 499
102 501
102 502
102 503
102 512
102 524
102 526
102 533
102 537
102 548
102 552
102 553
102 555
102 560
102 565
102 568
102 576
102 586
102 591
102 592
102 595
102 597
102 598
102 600
102 604
102 616
102 637
102 638
102 651
102 657
102 672
102 674
102 682
102 685
102 687
102 696
102 698
102 699
102 700
102 707
102 710
102 711
102 712
102 720
102 730
102 733
102 757
102 764
102 773
102 782
102 794
102 797
102 798
102 800
102 808
102 814
102 816
102 818
102 822
102 830
102 834
102 838
102 839
102 840
102 842
102 852
102 863
102 867
102 873
102 885
102 892
102 898
102 907
102 916
102 918
102 919
102 927
102 928
102 929
102 930
102 931
102 937
102 947
102 953
102 956
102 966
102 968
102 972
102 973
102 974
102 977
102 982
102 985
102 987
102 1001
102 1014
102 1020
102 1059
102 1071
102 1077
102 1096
102 1099
102 1117
102 1125
102 1129
102 1168
102 1180
102 1194
102 1214
102 1215
102 1216
102 1230
102 1235
102 1237
102 1243
102 1254
102 1255
102 1279
102 1301
102 1307
102 1311
102 1312
102 1328
102 1333
102 1341
102 1342
102 1345
102 1361
102 1394
102 1416
102 1418
102 1430
102 1467
102 1486
102 1496
102 1509
102 1517
102 1539
102 1553
102 1567
102 1584
102 1597
102 1602
102 1642
102 1645
103 203
103 637
103 712
103 816
104 106
104 113
104 127
104 128
104 131
104 134
104 139
104 143
104 154
104 174
104 179
104 208
104 211
104 249
104 251
104 262
104 287
104 306
104 307
104 313
104 316
104 322
104 331
104 336
104 338
104 342
104 352
104 357
104 366
104 387
104 392
104 397
104 403
104 414
104 438
104 453
104 455
104 462
104 473
104 474
104 481
104 486
104 493
104 497
104 522
104 539
104 556
104 560
104 562
104 568
104 575
104 576
104 584
104 594
104 595
104 597
104 598
104 599
104 602
104 604
104 605
104 614
104 620
104 623
104 625
104 631
104 637
104 638
104 639
104 643
104 651
104 653
104 673
104 674
104 678
104 682
104 696
104 700
104 703
104 707
104 710
104 711
104 712
104 715
104 723
104 738
104 757
104 782
104 793
104 813
104 830
104 851
104 858
104 870
104 873
104 883
104 898
104 914
104 926
104 937
104 963
104 989
104 991
104 992
104 994
104 1020
104 1026
104 1032
104 1033
104 1035
104 1038
104 1049
104 1050
104 1054
104 1067
104 1068
104 1082
104 1098
104 1099
104 1101
104 1102
104 1103
104 1104
104 1106
104 1107
104 1110
104 1115
104 1116
104 1117
104 1121
104 1122
104 1123
104 1124
104 1126
104 1128
104 1129
104 1130
104 1131
104 1133
104 1137
104 1138
104 1140
104 1141
104 1142
104 1143
104 1144
104 1145
104 1146
104 1147
104 1148
104 1149
104 1150
104 1151
104 1152
104 1155
104 1156
104 1167
104 1180
104 1188
104 1214
104 1245
104 1254
104 1275
104 1280
104 1307
104 1311
104 1337
104 1348
104 1352
104 1371
104 1372
104 1386
104 1394
104 1401
104 1405
104 1420
104 1422
104 1443
104 1462
104 1484
104 1486
104 1517
104 1542
104 1572
104 1584
104 1623
104 1624
104 1640
104 1643
104 1647
104 1654
104 1666
104 1674
104 1723
104 1726
104 1729
104 1730
104 1742
104 1755
104 1770
104 1780
104 1782
104 1788
104 1791
104 1830
105 786
107 120
107 399
108 123
108 184
108 189
108 213
108 249
108 281
108 324
108 399
108 680
108 718
108 990
108 999
108 1542
108 1735
109 637
110 111
110 522
111 265
111 616
113 123
113 249
113 356
113 399
113 769
113 1188
113 1600
114 334
114 630
114 651
115 1364
117 119
117 192
117 193
117 221
117 295
117 301
117 356
117 522
117 585
117 615
117 778
117 816
117 846
117 942
117 999
117 1069
117 1188
117 1378
118 119
118 143
118 144
118 167
118 211
118 301
118 320
118 446
118 537
118 595
118 616
119 175
119 221
119 320
119 356
119 487
120 143
120 190
120 193
120 227
120 494
120 700
120 800
120 1282
121 522
121 786
121 855
122 203
122 399
122 1126
122 1268
123 134
123 139
123 218
123 265
123 276
123 317
123 322
123 395
123 446
123 448
123 451
123 462
123 473
123 550
123 582
123 597
123 604
123 616
123 710
123 711
123 712
123 801
123 985
123 1137
123 1233
123 1254
123 1401
123 1564
123 1621
123 1643
124 125
124 130
124 193
124 1795
125 398
125 764
126 232
126 259
126 312
126 391
126 474
126 482
126 494
126 560
126 696
126 706
126 712
126 808
126 1020
126 1049
126 1071
126 1096
126 1197
126 1311
126 1337
126 1723
127 145
127 171
127 193
127 203
127 210
127 220
127 234
127 235
127 241
127 249
127 301
127 323
127 324
127 328
127 333
127 337
127 343
127 352
127 356
127 371
127 422
127 492
127 501
127 502
127 508
127 541
127 547
127 556
127 568
127 570
127 572
127 597
127 605
127 611
127 628
127 638
127 676
127 684
127 686
127 705
127 714
127 732
127 737
127 748
127 777
127 778
127 796
127 845
127 846
127 872
127 877
127 926
127 933
127 943
127 969
127 979
127 1003
127 1005
127 1079
127 1100
127 1112
127 1123
127 1152
127 1188
127 1261
127 1266
127 1280
127 1282
127 1353
127 1377
127 1380
127 1408
127 1412
127 1414
127 1509
127 1512
128 203
130 186
130 190
130 193
130 296
130 313
130 367
130 392
130 393
130 438
130 503
130 526
130 547
130 637
130 653
130 685
130 733
130 752
130 791
130 814
130 873
130 989
130 1007
130 1038
130 1180
130 1243
130 1247
130 1254
130 1280
130 1283
130 1378
130 1433
131 148
131 161
131 175
131 188
131 193
131 262
131 311
131 317
131 332
131 397
131 403
131 422
131 448
131 588
131 678
131 845
131 1013
131 1037
131 1038
131 1338
131 1486
131 1490
132 134
132 436
133 356
133 397
134 249
134 256
134 288
134 356
134 399
134 769
134 999
134 1112
134 1355
134 1485
134 1712
135 190
136 137
136 522
137 301
139 184
139 200
139 275
139 277
139 307
139 469
139 508
139 556
139 573
139 680
139 703
139 846
139 999
139 1280
139 1643
139 1780
140 344
140 522
140 637
140 1623
141 143
141 243
141 256
141 322
141 328
141 336
141 341
141 414
141 474
141 481
141 513
141 541
141 616
141 653
141 712
141 761
141 791
141 833
141 839
141 996
141 1112
141 1120
141 1126
141 1259
141 1276
141 1280
141 1282
141 1414
141 1574
142 162
142 200
142 249
142 356
142 414
142 441
142 455
142 478
142 541
142 546
142 581
142 643
142 680
142 761
142 833
142 914
142 965
142 1036
142 1041
142 1093
142 1338
142 1555
142 1600
142 1618
142 1712
142 1726
142 1835
143 184
143 188
143 192
143 194
143 221
143 223
143 226
143 233
143 237
143 239
143 240
143 246
143 248
143 259
143 280
143 282
143 287
143 289
143 320
143 321
143 326
143 337
143 358
143 368
143 369
143 373
143 376
143 397
143 399
143 412
143 423
143 429
143 441
143 455
143 478
143 514
143 560
143 634
143 643
143 644
143 732
143 804
143 833
143 872
143 920
143 974
143 990
143 995
143 1003
143 1016
143 1017
143 1021
143 1022
143 1110
143 1126
143 1184
143 1189
143 1199
143 1277
143 1282
143 1407
143 1435
143 1471
143 1499
143 1526
143 1555
143 1556
143 1656
143 1666
143 1712
143 1755
143 1757
143 1760
143 1782
143 1898
144 146
144 253
144 262
144 280
144 340
144 348
144 478
144 491
144 585
144 608
144 643
144 718
144 809
144 829
144 932
144 993
144 1032
144 1037
144 1041
144 1712
145 307
145 308
145 311
145 678
145 738
146 184
146 190
146 235
146 348
146 408
146 550
146 554
146 1504
148 175
148 192
148 193
148 267
148 288
148 398
148 399
148 408
148 651
148 678
148 769
148 822
148 1032
150 399
150 601
150 608
150 906
150 939
150 970
150 981
151 248
151 356
151 371
151 399
151 556
151 846
151 992
151 1126
151 1152
151 1157
151 1184
151 1235
151 1538
153 175
153 213
153 249
153 320
153 356
153 399
153 546
153 643
153 704
153 718
153 999
153 1538
154 232
154 265
154 301
154 307
154 334
154 524
154 1195
154 1280
154 1433
154 1488
154 1579
154 1597
154 1623
155 712
156 340
156 399
156 602
157 263
157 399
159 428
159 597
159 637
159 638
159 696
159 782
159 963
159 1180
159 1728
160 161
160 163
160 220
160 322
160 616
160 678
160 712
160 1254
160 1486
160 1672
161 367
161 678
161 850
162 244
162 248
162 307
162 473
162 657
162 685
162 767
162 942
162 985
162 1025
162 1207
162 1280
162 1282
162 1484
163 176
163 177
163 178
163 397
163 429
164 399
165 175
165 233
165 399
165 1268
166 302
166 374
166 1408
166 1666
166 1757
167 356
167 399
167 673
167 732
167 833
167 1063
171 265
171 276
171 295
171 296
171 320
171 343
171 391
171 446
171 459
171 485
171 487
171 494
171 501
171 522
171 530
171 543
171 582
171 594
171 597
171 637
171 638
171 683
171 712
171 819
171 839
171 968
171 1025
171 1496
171 1602
171 1646
171 1723
171 1747
172 193
172 341
172 399
172 748
172 769
172 1282
172 1338
172 1405
172 1542
173 259
173 320
173 334
173 568
173 678
173 700
173 1230
173 1259
173 1433
173 1564
173 1647
174 175
174 188
174 190
174 213
174 223
174 238
174 248
174 308
174 320
174 356
174 394
174 397
174 423
174 429
174 455
174 468
174 484
174 639
174 732
174 769
174 809
174 833
174 985
174 1051
174 1082
174 1420
174 1521
174 1618
174 1712
174 1813
175 176
175 179
175 180
175 183
175 184
175 187
175 189
175 191
175 195
175 196
175 197
175 198
175 199
175 200
175 201
175 202
175 203
175 215
175 216
175 217
175 220
175 222
175 225
175 232
175 247
175 249
175 255
175 262
175 266
175 268
175 269
175 276
175 282
175 283
175 296
175 298
175 299
175 305
175 310
175 314
175 315
175 318
175 323
175 373
175 377
175 391
175 395
175 418
175 438
175 444
175 452
175 462
175 474
175 482
175 501
175 514
175 522
175 560
175 594
175 597
175 602
175 606
175 637
175 696
175 706
175 776
175 814
175 816
175 822
175 839
175 863
175 870
175 897
175 927
175 968
175 974
175 977
175 982
175 1000
175 1020
175 1025
175 1055
175 1141
175 1160
175 1235
175 1284
175 1301
175 1383
175 1422
175 1435
175 1473
175 1492
175 1564
175 1584
175 1602
175 1664
175 1744
175 1746
176 179
176 180
176 320
176 393
176 513
176 1008
176 1538
179 180
179 181
179 241
179 1213
180 193
180 203
180 259
180 293
180 315
180 322
180 354
180 395
180 431
180 453
180 494
180 512
180 597
180 604
180 764
180 765
180 782
180 839
180 966
180 968
180 1135
181 193
181 522
182 183
182 193
182 233
182 241
182 268
182 288
182 585
182 619
182 643
182 768
182 870
182 915
182 955
182 1675
183 193
183 203
183 276
183 388
183 481
183 572
183 697
183 712
183 927
183 1025
184 185
184 307
184 923
185 186
186 1896
187 399
188 198
188 301
188 306
188 348
188 357
188 370
188 442
188 482
188 578
188 625
188 634
188 681
188 707
188 711
188 734
188 773
188 801
188 858
188 861
188 867
188 1067
188 1260
188 1290
188 1338
188 1640
188 1741
188 1748
189 192
189 275
189 651
189 1542
190 203
190 234
190 235
190 236
190 238
190 244
190 262
190 276
190 296
190 314
190 316
190 320
190 322
190 334
190 346
190 364
190 370
190 375
190 392
190 395
190 404
190 408
190 428
190 494
190 500
190 535
190 539
190 568
190 594
190 737
190 764
190 814
190 873
190 912
190 927
190 951
190 1020
190 1048
190 1059
190 1096
190 1130
190 1186
190 1419
190 1420
190 1504
191 1716
192 232
192 279
192 281
192 301
192 310
192 313
192 314
192 354
192 367
192 377
192 388
192 392
192 393
192 482
192 501
192 522
192 535
192 537
192 592
192 594
192 595
192 615
192 625
192 657
192 685
192 686
192 700
192 707
192 772
192 822
192 842
192 846
192 912
192 942
192 966
192 1129
192 1214
192 1298
192 1337
192 1342
192 1361
192 1411
192 1433
192 1508
192 1539
192 1545
192 1564
192 1632
192 1645
192 1646
192 1741
192 1804
193 194
193 198
193 202
193 205
193 206
193 208
193 210
193 221
193 222
193 227
193 233
193 236
193 240
193 241
193 244
193 248
193 253
193 270
193 276
193 282
193 288
193 294
193 295
193 302
193 311
193 321
193 324
193 333
193 341
193 343
193 352
193 354
193 355
193 356
193 367
193 374
193 375
193 388
193 399
193 403
193 405
193 408
193 421
193 429
193 444
193 447
193 448
193 452
193 455
193 462
193 464
193 478
193 481
193 482
193 497
193 498
193 502
193 508
193 514
193 515
193 526
193 554
193 559
193 566
193 568
193 572
193 574
193 582
193 585
193 589
193 595
193 597
193 598
193 604
193 618
193 620
193 641
193 643
193 651
193 672
193 678
193 682
193 686
193 705
193 710
193 752
193 754
193 767
193 769
193 773
193 793
193 797
193 814
193 816
193 822
193 835
193 841
193 846
193 883
193 912
193 914
193 927
193 943
193 948
193 979
193 985
193 990
193 997
193 1003
193 1032
193 1038
193 1050
193 1055
193 1062
193 1082
193 1083
193 1084
193 1085
193 1096
193 1100
193 1126
193 1141
193 1177
193 1184
193 1214
193 1247
193 1269
193 1278
193 1283
193 1361
193 1378
193 1405
194 414
197 203
197 255
197 808
197 1301
197 1320
197 1564
197 1646
198 208
198 209
198 211
198 259
198 278
198 294
198 295
198 354
198 444
198 459
198 482
198 497
198 508
198 535
198 543
198 545
198 568
198 594
198 597
198 637
198 651
198 653
198 672
198 712
198 798
198 822
198 839
198 847
198 857
198 948
198 951
198 958
198 970
198 974
198 977
198 1049
198 1050
198 1059
198 1104
198 1138
198 1182
198 1184
198 1233
198 1236
198 1243
198 1254
198 1338
198 1345
198 1362
198 1363
198 1374
198 1412
198 1508
198 1581
198 1623
198 1716
198 1738
200 273
200 409
200 606
200 616
200 937
200 1052
200 1615
200 1674
201 285
202 320
202 474
202 865
203 204
203 211
203 220
203 240
203 241
203 249
203 256
203 261
203 265
203 270
203 275
203 283
203 287
203 293
203 297
203 302
203 326
203 335
203 338
203 345
203 373
203 403
203 417
203 431
203 455
203 478
203 480
203 481
203 497
203 508
203 535
203 539
203 541
203 566
203 570
203 608
203 610
203 614
203 644
203 666
203 703
203 713
203 724
203 769
203 776
203 793
203 796
203 829
203 948
203 998
203 1069
203 1188
203 1223
203 1226
203 1238
203 1268
203 1355
203 1380
203 1414
203 1499
203 1538
203 1575
203 1668
203 1782
203 1898
204 303
208 211
208 241
208 298
208 320
208 343
208 354
208 364
208 395
208 397
208 428
208 436
208 455
208 526
208 582
208 593
208 597
208 712
208 808
208 822
208 990
208 1071
208 1216
208 1235
208 1254
208 1337
208 1488
208 1698
208 1700
210 211
210 212
210 220
210 227
210 231
210 232
210 245
210 250
210 259
210 264
210 283
210 287
210 414
210 524
210 592
210 596
210 672
210 1280
210 1545
210 1741
211 223
211 227
211 235
211 248
211 251
211 253
211 262
211 273
211 288
211 298
211 302
211 304
211 305
211 308
211 320
211 338
211 351
211 367
211 371
211 375
211 386
211 387
211 393
211 412
211 415
211 421
211 438
211 471
211 478
211 479
211 480
211 481
211 508
211 531
211 538
211 554
211 575
211 589
211 596
211 626
211 638
211 641
211 645
211 677
211 680
211 686
211 695
211 702
211 703
211 711
211 740
211 756
211 759
211 764
211 875
211 963
211 1003
211 1053
211 1055
211 1167
211 1288
211 1342
211 1506
211 1550
211 1755
211 1782
213 214
213 219
213 265
213 273
213 281
213 285
213 296
213 301
213 395
213 436
213 474
213 499
213 511
213 524
213 563
213 582
213 583
213 625
213 651
213 696
213 711
213 712
213 767
213 814
213 838
213 858
213 861
213 867
213 1067
213 1071
213 1116
213 1129
213 1180
213 1215
213 1572
213 1597
213 1643
214 651
218 241
218 320
218 718
218 1126
218 1180
218 1593
218 1736
219 220
219 223
219 233
219 253
219 265
219 270
219 282
219 288
219 307
219 320
219 336
219 345
219 371
219 372
219 399
219 429
219 478
219 481
219 504
219 519
219 623
219 643
219 645
219 653
219 677
219 718
219 833
219 1017
219 1041
219 1188
219 1309
219 1521
219 1600
219 1618
219 1685
219 1736
220 285
220 367
220 678
220 746
220 1281
220 1322
220 1338
220 1560
220 1782
220 1791
220 1795
220 1895
221 262
222 224
223 399
223 446
223 473
223 537
223 550
223 604
223 620
223 625
223 634
223 653
223 696
223 700
223 707
223 769
223 770
223 838
223 861
223 872
223 914
223 1245
223 1318
223 1401
223 1508
223 1623
223 1643
223 1795
223 1853
224 637
224 1280
224 1425
225 764
225 881
226 1233
227 265
227 303
227 310
227 312
227 313
227 314
227 320
227 377
227 385
227 391
227 462
227 474
227 497
227 522
227 592
227 625
227 653
227 791
227 814
227 1099
227 1245
227 1564
228 229
232 320
232 371
232 480
232 619
232 700
232 731
232 780
232 796
232 809
232 1012
232 1036
232 1112
232 1135
232 1541
232 1646
232 1675
232 1712
232 1737
233 296
233 308
233 322
233 390
233 582
233 595
233 637
233 641
233 685
233 707
233 814
233 968
233 1017
233 1038
233 1135
233 1182
233 1230
233 1243
233 1247
233 1254
233 1311
233 1411
233 1615
233 1623
233 1777
234 262
234 346
235 238
235 241
235 259
235 265
235 320
235 367
235 371
235 388
235 406
235 408
235 423
235 473
235 500
235 508
235 548
235 551
235 616
235 637
235 712
235 1042
235 1182
235 1420
236 307
236 710
237 1188
237 1501
238 262
238 305
238 341
238 348
238 562
238 822
238 949
238 1327
240 259
240 500
240 804
241 251
241 255
241 258
241 265
241 296
241 320
241 324
241 371
241 388
241 428
241 450
241 453
241 473
241 487
241 572
241 593
241 606
241 637
241 712
241 782
241 786
241 808
241 822
241 912
241 1177
241 1216
241 1282
241 1291
241 1312
241 1646
242 265
243 414
243 447
243 585
243 807
243 1782
244 308
244 333
244 338
244 387
244 541
244 572
244 614
244 698
244 709
244 880
244 882
244 1048
244 1145
244 1263
244 1282
244 1755
244 1761
246 247
247 282
247 296
247 373
247 374
247 481
247 602
248 281
248 287
248 296
248 298
248 301
248 317
248 356
248 357
248 377
248 388
248 392
248 393
248 401
248 436
248 446
248 453
248 473
248 474
248 482
248 494
248 501
248 502
248 517
248 522
248 524
248 546
248 560
248 568
248 580
248 581
248 591
248 595
248 597
248 604
248 606
248 614
248 616
248 620
248 625
248 653
248 658
248 677
248 707
248 710
248 712
248 718
248 724
248 733
248 778
248 782
248 800
248 808
248 816
248 818
248 842
248 851
248 860
248 864
248 867
248 885
248 918
248 927
248 963
248 966
248 968
248 973
248 982
248 996
248 1005
248 1020
248 1025
248 1059
248 1073
248 1102
248 1110
248 1116
248 1117
248 1129
248 1135
248 1137
248 1141
248 1180
248 1208
248 1213
248 1216
248 1230
248 1235
248 1237
248 1243
248 1245
248 1254
248 1259
248 1279
248 1282
248 1294
248 1301
248 1303
248 1311
248 1323
248 1342
248 1343
248 1350
248 1352
248 1358
248 1361
248 1375
248 1394
248 1401
248 1420
248 1425
248 1429
248 1469
248 1484
248 1486
248 1487
248 1488
248 1496
248 1503
248 1508
248 1524
248 1539
248 1540
248 1541
248 1545
248 1560
248 1564
248 1567
248 1572
248 1579
248 1584
248 1597
248 1607
248 1618
248 1623
248 1628
248 1643
248 1644
248 1646
248 1647
248 1654
248 1664
248 1672
248 1691
248 1700
248 1705
248 1707
248 1712
248 1717
248 1723
248 1729
248 1730
248 1738
248 1741
249 259
249 262
249 293
249 296
249 315
249 322
249 357
249 399
249 404
249 406
249 474
249 501
249 512
249 535
249 543
249 560
249 568
249 587
249 597
249 598
249 615
249 616
249 637
249 696
249 711
249 712
249 752
249 804
249 808
249 852
249 870
249 908
249 942
249 953
249 957
249 1025
249 1052
249 1055
249 1067
249 1096
249 1099
249 1111
249 1117
249 1183
249 1254
249 1419
249 1452
249 1664
250 399
251 265
251 276
251 280
251 296
251 349
251 375
251 386
251 388
251 390
251 432
251 455
251 462
251 471
251 480
251 512
251 516
251 541
251 585
251 594
251 597
251 606
251 615
251 637
251 638
251 686
251 712
251 756
251 764
251 765
251 782
251 814
251 830
251 934
251 999
251 1017
251 1025
251 1055
251 1068
251 1102
251 1235
251 1282
251 1290
251 1313
251 1337
251 1361
251 1401
253 262
253 265
253 271
253 276
253 280
253 296
253 298
253 301
253 306
253 307
253 310
253 313
253 316
253 336
253 342
253 343
253 351
253 352
253 357
253 377
253 388
253 395
253 397
253 407
253 446
253 447
253 481
253 494
253 502
253 560
253 575
253 595
253 597
253 604
253 616
253 625
253 637
253 653
253 658
253 672
253 696
253 700
253 738
253 757
253 839
253 873
253 972
253 985
253 1038
253 1102
253 1135
253 1137
253 1180
253 1183
253 1189
253 1210
253 1214
253 1215
253 1233
253 1243
253 1246
253 1259
253 1278
253 1282
253 1337
253 1401
253 1520
253 1572
253 1597
253 1615
255 258
255 260
255 266
255 281
255 338
255 497
255 513
255 769
255 829
255 1542
255 1685
256 262
256 297
256 614
256 686
256 710
256 718
256 808
256 837
256 1160
256 1177
256 1182
256 1213
256 1293
256 1348
256 1554
256 1596
256 1609
258 259
258 288
258 298
258 342
258 344
258 531
258 597
258 616
258 637
258 1544
258 1731
259 266
259 271
259 282
259 286
259 336
259 337
259 341
259 385
259 397
259 408
259 423
259 429
259 447
259 481
259 508
259 566
259 570
259 593
259 686
259 687
259 703
259 796
259 829
259 870
259 948
259 949
259 1027
259 1103
259 1106
259 1223
259 1405
259 1415
259 1782
260 352
260 391
260 834
262 271
262 276
262 280
262 296
262 307
262 310
262 314
262 315
262 316
262 320
262 331
262 334
262 336
262 343
262 351
262 376
262 377
262 388
262 390
262 392
262 393
262 404
262 408
262 414
262 448
262 453
262 459
262 471
262 478
262 481
262 494
262 502
262 512
262 526
262 587
262 604
262 637
262 641
262 646
262 678
262 685
262 686
262 761
262 839
262 842
262 907
262 985
262 988
262 991
262 1297
263 452
264 399
264 651
264 952
264 1126
264 1271
265 288
265 298
265 320
265 324
265 366
265 367
265 387
265 428
265 436
265 448
265 474
265 480
265 481
265 501
265 521
265 541
265 551
265 553
265 556
265 570
265 572
265 573
265 576
265 582
265 589
265 595
265 604
265 616
265 625
265 626
265 636
265 637
265 641
265 644
265 648
265 649
265 650
265 651
265 652
265 657
265 660
265 662
265 665
265 675
265 676
265 679
265 686
265 687
265 690
265 691
265 692
265 693
265 694
266 870
268 481
268 637
268 1044
269 320
270 276
270 637
270 712
270 898
270 1623
270 1643
271 272
271 280
271 296
271 305
271 307
271 315
271 336
271 376
271 447
271 467
271 481
271 502
271 508
271 604
271 616
271 631
271 653
271 673
271 1252
271 1279
271 1295
271 1448
272 307
272 521
272 1001
273 375
273 384
273 415
273 461
273 480
273 497
273 596
273 638
273 643
273 644
273 702
273 718
273 719
273 804
273 939
273 1036
275 322
275 710
275 712
275 734
275 791
275 851
275 902
275 923
275 1259
275 1338
275 1342
275 1682
276 282
276 298
276 307
276 320
276 351
276 360
276 361
276 375
276 413
276 416
276 421
276 422
276 429
276 447
276 467
276 480
276 481
276 495
276 496
276 497
276 508
276 513
276 517
276 566
276 582
276 593
276 601
276 602
276 604
276 608
276 614
276 643
276 648
276 651
276 672
276 686
276 703
276 705
276 713
276 769
276 776
276 777
276 778
276 793
276 796
276 814
276 822
276 829
276 870
276 883
276 949
276 979
276 989
276 992
276 995
276 1003
276 1013
276 1022
276 1031
276 1053
276 1065
276 1092
276 1112
276 1184
276 1185
276 1188
276 1212
276 1223
276 1235
276 1240
276 1319
276 1327
276 1380
276 1415
276 1437
276 1507
276 1597
276 1657
276 1687
276 1712
276 1736
276 1740
276 1898
277 307
277 320
277 334
277 369
277 371
277 478
277 637
277 651
277 751
277 882
277 1038
277 1214
277 1247
277 1282
277 1564
277 1791
278 966
279 320
280 301
280 306
280 307
280 313
280 315
280 316
280 322
280 331
280 336
280 351
280 357
280 376
280 401
280 434
280 481
280 545
280 560
280 707
280 780
280 808
280 1017
280 1109
280 1139
280 1189
280 1270
280 1279
280 1280
280 1311
280 1342
280 1579
280 1623
280 1647
281 455
281 461
281 673
281 1070
281 1078
281 1235
281 1326
281 1363
281 1542
281 1626
281 1712
282 296
282 374
282 378
282 444
282 474
282 481
282 514
282 582
282 593
282 602
282 614
282 627
282 651
282 686
282 712
282 765
282 814
282 822
282 839
282 842
282 852
282 927
282 968
282 1283
282 1337
282 1342
282 1392
282 1501
282 1555
283 399
283 713
284 305
284 322
284 421
284 501
284 535
284 591
284 637
284 822
284 842
284 1096
284 1125
284 1254
284 1283
284 1327
284 1496
285 338
285 366
285 399
285 415
285 467
285 548
285 732
285 990
285 999
285 1755
287 293
287 320
287 367
287 376
287 469
287 619
287 703
287 1017
287 1161
287 1182
287 1189
287 1192
287 1439
288 296
288 305
288 318
288 322
288 338
288 358
288 364
288 370
288 374
288 376
288 378
288 388
288 390
288 391
288 418
288 428
288 436
288 448
288 453
288 459
288 462
288 503
288 516
288 535
288 537
288 568
288 595
288 597
288 598
288 599
288 604
288 637
288 645
288 648
288 672
288 696
288 834
288 1125
288 1806
289 407
290 291
290 392
290 397
290 519
290 1167
290 1280
290 1331
290 1786
291 519
292 462
292 637
293 302
293 335
293 338
293 367
293 371
293 399
293 422
293 455
293 512
293 579
293 829
293 830
293 1112
293 1396
293 1437
293 1548
294 295
295 301
295 352
295 354
295 374
295 444
295 515
295 543
295 549
295 568
295 780
295 822
295 834
295 927
295 973
295 974
295 985
295 999
295 1082
295 1126
295 1137
295 1180
295 1183
295 1235
295 1243
295 1338
295 1345
295 1564
296 320
296 324
296 326
296 333
296 336
296 348
296 371
296 421
296 429
296 447
296 480
296 481
296 483
296 496
296 497
296 512
296 541
296 545
296 546
296 556
296 559
296 572
296 597
296 601
296 604
296 608
296 614
296 639
296 653
296 677
296 682
296 703
296 713
296 726
296 732
296 737
296 769
296 776
296 777
296 794
296 796
296 813
296 829
296 833
296 870
296 883
296 914
296 949
296 998
296 1000
296 1100
296 1112
296 1157
296 1182
296 1188
296 1282
296 1338
296 1380
296 1542
296 1582
296 1618
296 1740
297 302
297 322
297 352
297 517
297 522
297 572
297 597
297 686
297 757
297 969
297 1126
297 1282
297 1331
297 1352
297 1433
297 1487
298 320
298 349
298 350
298 356
298 398
298 399
298 430
298 447
298 461
298 704
298 1012
298 1035
298 1082
298 1174
298 1538
298 1597
299 320
299 367
299 383
299 420
299 467
299 585
299 1656
299 1701
301 371
301 392
301 402
301 408
301 448
301 455
301 496
301 508
301 556
301 557
301 604
301 616
301 651
301 653
301 673
301 686
301 703
301 732
301 738
301 748
301 768
301 798
301 822
301 850
301 999
301 1003
301 1032
301 1173
301 1184
301 1186
301 1237
301 1271
301 1361
301 1391
301 1542
301 1697
302 315
302 388
302 512
302 597
302 834
302 839
302 918
302 966
302 1117
302 1214
302 1534
302 1547
302 1584
302 1723
303 399
303 796
304 305
304 474
304 520
304 554
304 1188
305 307
305 308
305 320
305 351
305 356
305 370
305 376
305 387
305 391
305 393
305 407
305 437
305 438
305 502
305 508
305 512
305 539
305 550
305 554
305 569
305 591
305 615
305 625
305 626
305 675
305 678
305 680
305 776
305 777
305 782
305 842
305 870
305 951
305 963
305 1018
305 1114
305 1116
305 1119
305 1121
305 1135
305 1189
305 1212
305 1227
305 1273
305 1282
305 1327
305 1415
305 1448
305 1898
306 308
306 316
306 324
306 340
306 367
306 430
306 508
306 641
306 776
306 780
306 1086
306 1182
307 310
307 313
307 314
307 315
307 316
307 322
307 331
307 332
307 335
307 336
307 351
307 370
307 372
307 397
307 414
307 421
307 430
307 434
307 453
307 455
307 519
307 522
307 537
307 539
307 544
307 548
307 560
307 565
307 582
307 585
307 594
307 604
307 614
307 616
307 625
307 637
307 673
307 678
307 700
307 725
307 738
307 752
307 758
307 768
307 782
307 791
307 793
307 808
307 822
307 834
307 848
307 858
307 862
307 928
307 929
307 930
307 966
307 989
307 1003
307 1013
307 1025
307 1041
307 1055
307 1067
307 1068
307 1109
307 1117
307 1184
307 1235
307 1280
307 1311
307 1345
307 1462
307 1488
307 1516
307 1600
307 1640
307 1654
307 1761
308 316
308 320
308 351
308 367
308 390
308 428
308 473
308 501
308 519
308 539
308 585
308 599
308 625
308 637
308 638
308 711
308 752
308 753
308 764
308 797
308 822
308 839
308 847
308 912
308 936
308 949
308 1102
308 1112
308 1124
308 1130
308 1135
308 1138
308 1181
308 1185
308 1357
308 1390
308 1420
308 1466
308 1496
308 1507
308 1508
309 404
309 678
310 316
310 320
310 349
310 360
310 364
310 371
310 372
310 398
310 399
310 546
310 566
310 643
310 769
310 1033
310 1036
310 1331
310 1898
311 643
311 850
311 1013
311 1141
311 1486
311 1625
311 1727
312 320
312 376
312 397
312 732
312 800
312 833
313 332
313 338
313 341
313 356
313 371
313 399
313 447
313 478
313 541
313 643
313 730
313 833
313 911
313 965
313 991
313 1184
313 1295
313 1405
313 1448
313 1898
314 316
314 335
314 399
314 422
314 423
314 769
314 776
314 777
314 839
314 992
314 993
315 316
315 320
315 324
315 326
315 331
315 354
315 389
315 461
315 481
315 495
315 508
315 713
315 725
315 769
315 776
315 954
315 1268
315 1338
315 1405
316 318
316 324
316 332
316 336
316 342
316 366
316 367
316 393
316 397
316 407
316 428
316 476
316 478
316 481
316 537
316 541
316 570
316 595
316 604
316 616
316 625
316 658
316 678
316 679
316 700
316 710
316 725
316 738
316 748
316 776
316 839
316 991
316 1010
316 1068
316 1110
316 1119
316 1167
316 1170
316 1180
316 1183
316 1259
316 1280
316 1282
316 1533
317 324
317 344
317 512
317 554
317 801
317 858
317 965
317 983
317 994
317 1041
317 1126
317 1284
317 1542
317 1600
317 1735
318 324
318 332
318 336
318 337
318 341
318 348
318 437
318 539
318 550
318 712
318 925
318 1074
318 1126
318 1188
318 1282
318 1405
320 324
320 342
320 343
320 347
320 348
320 351
320 357
320 358
320 364
320 367
320 370
320 371
320 372
320 375
320 388
320 391
320 395
320 401
320 404
320 410
320 411
320 436
320 448
320 449
320 453
320 459
320 463
320 465
320 471
320 475
320 478
320 479
320 480
320 481
320 486
320 488
320 489
320 490
320 494
320 499
320 501
320 503
320 505
320 506
320 519
320 537
320 549
320 573
320 586
320 592
320 594
320 597
320 598
320 606
320 608
320 615
320 620
320 625
320 637
320 638
320 662
320 674
320 685
320 696
320 712
320 720
320 753
320 757
320 764
320 765
320 773
320 782
320 783
320 797
320 800
320 1259
321 367
321 651
321 1020
321 1055
321 1126
321 1188
321 1216
321 1401
321 1597
322 324
322 332
322 336
322 338
322 339
322 340
322 341
322 345
322 349
322 355
322 366
322 371
322 372
322 394
322 399
322 412
322 417
322 420
322 429
322 430
322 454
322 455
322 457
322 481
322 513
322 556
322 559
322 616
322 631
322 635
322 636
322 637
322 639
322 641
322 642
322 644
322 645
322 677
322 686
322 703
322 718
322 724
322 727
322 731
322 740
322 752
322 757
322 769
322 778
322 809
322 833
322 864
322 949
322 965
322 990
322 995
322 998
322 1005
322 1006
322 1013
322 1035
322 1041
322 1043
322 1046
322 1072
322 1082
322 1112
322 1123
322 1163
322 1234
322 1236
322 1266
322 1282
322 1296
322 1338
322 1346
322 1448
323 328
323 399
323 651
323 1536
324 325
324 343
324 377
324 378
324 390
324 436
324 446
324 478
324 481
324 482
324 493
324 512
324 522
324 531
324 541
324 547
324 548
324 552
324 558
324 559
324 566
324 572
324 582
324 597
324 606
324 609
324 624
324 631
324 641
324 643
324 644
324 682
324 706
324 711
324 712
324 742
324 759
324 782
324 804
324 808
324 816
324 822
324 830
324 839
324 858
324 873
324 923
324 925
324 937
324 940
324 951
324 1032
324 1048
324 1058
324 1068
324 1071
324 1131
324 1157
324 1168
324 1180
324 1210
324 1242
324 1247
324 1259
324 1280
324 1282
324 1291
324 1401
324 1422
325 551
325 687
325 700
325 882
325 1226
326 462
326 588
326 616
326 712
326 764
326 773
326 783
326 797
326 937
326 1102
326 1235
326 1254
326 1597
327 522
327 580
327 581
327 1677
328 332
328 414
328 467
328 492
328 614
328 1509
328 1536
331 332
331 351
331 376
331 480
331 481
331 526
331 604
331 839
331 907
331 918
331 1392
331 1567
331 1597
332 335
332 1226
333 357
333 363
333 428
333 436
333 522
333 539
333 686
333 814
333 822
333 839
333 927
333 1001
333 1282
333 1441
333 1602
334 349
334 355
334 364
334 367
334 372
334 397
334 421
334 630
334 1542
335 367
335 535
335 568
336 351
336 366
336 397
336 473
336 503
336 508
336 575
336 582
336 597
336 604
336 616
336 625
336 631
336 648
336 672
336 699
336 738
336 768
336 770
336 776
336 839
336 965
336 1041
336 1167
336 1232
336 1235
336 1282
336 1414
336 1577
336 1597
336 1623
336 1640
336 1647
337 342
337 347
337 385
337 453
337 474
337 594
337 1103
337 1106
337 1154
337 1243
337 1301
338 436
338 440
338 461
338 462
338 474
338 492
338 494
338 597
338 625
338 685
338 697
338 710
338 712
338 791
338 829
338 912
338 999
338 1065
338 1067
338 1112
338 1235
338 1401
338 1425
339 367
339 616
339 808
340 352
340 378
340 442
340 459
340 474
340 503
340 577
340 604
340 633
340 637
340 678
340 685
340 696
340 700
340 710
340 792
340 830
340 839
340 862
340 949
340 1055
340 1071
340 1086
340 1092
340 1117
340 1131
340 1135
340 1137
340 1180
340 1254
340 1279
340 1337
340 1372
340 1394
340 1422
340 1436
340 1597
340 1623
340 1640
340 1791
341 363
341 378
341 388
341 453
341 459
341 494
341 501
341 522
341 543
341 560
341 582
341 587
341 597
341 599
341 625
341 637
341 657
341 697
341 712
341 752
341 782
341 783
341 796
341 797
341 808
341 814
341 839
341 842
341 968
341 970
341 974
341 1014
341 1038
341 1039
341 1049
341 1067
341 1096
341 1135
341 1215
341 1243
341 1254
341 1267
341 1301
341 1361
341 1383
341 1405
341 1416
341 1430
341 1461
341 1496
341 1577
341 1578
341 1584
341 1602
341 1847
342 349
342 356
342 376
342 385
342 399
342 422
342 423
342 430
342 437
342 491
342 623
342 687
342 734
342 754
342 789
342 833
342 872
342 1109
342 1241
343 402
344 345
344 360
344 517
344 690
344 945
344 946
344 1057
344 1597
345 365
345 387
345 392
345 473
345 589
345 597
345 637
345 653
345 678
345 712
345 816
345 836
345 837
345 839
345 976
345 985
345 994
345 1061
345 1188
345 1247
345 1282
345 1283
345 1345
345 1352
345 1418
345 1451
345 1452
345 1615
345 1623
345 1628
345 1643
345 1654
345 1726
345 1733
345 1748
347 480
348 378
348 390
348 408
348 510
348 551
348 585
348 647
348 654
348 752
348 809
348 941
349 357
349 364
349 375
349 435
349 438
349 446
349 479
349 480
349 560
349 575
349 591
349 604
349 616
349 625
349 631
349 712
349 752
349 801
349 859
349 871
349 1101
349 1167
349 1352
349 1550
350 597
350 657
350 700
350 712
350 814
351 447
351 502
351 541
351 554
351 759
351 839
351 907
351 1357
351 1508
352 371
352 391
352 430
352 481
352 503
352 597
352 644
352 653
352 664
352 712
352 724
352 792
352 949
352 1061
352 1086
352 1112
352 1182
352 1186
352 1282
352 1283
352 1325
352 1337
352 1364
352 1716
352 1721
352 1726
352 1771
353 397
353 1280
353 1372
354 371
354 455
354 637
354 643
354 767
354 851
355 473
355 535
355 542
355 710
355 791
355 839
355 842
355 1254
355 1280
355 1418
355 1419
355 1500
355 1578
355 1597
356 357
356 377
356 378
356 388
356 392
356 395
356 401
356 404
356 406
356 408
356 427
356 428
356 436
356 448
356 453
356 459
356 463
356 465
356 473
356 474
356 475
356 479
356 482
356 500
356 501
356 522
356 524
356 526
356 527
356 537
356 591
356 592
356 597
356 604
356 616
356 625
356 637
356 653
356 658
356 700
356 707
356 710
356 712
356 752
356 757
356 773
356 782
356 791
356 797
356 801
356 808
356 815
356 816
356 817
356 834
356 839
356 842
356 858
356 902
356 937
356 963
356 966
356 972
356 973
356 985
356 987
356 991
356 1014
356 1038
356 1040
356 1061
356 1067
356 1102
356 1110
356 1117
356 1135
356 1141
356 1160
356 1168
356 1177
356 1180
356 1181
356 1183
356 1189
356 1195
356 1207
356 1216
356 1243
356 1247
356 1252
356 1259
356 1283
356 1290
356 1303
356 1342
356 1358
356 1361
356 1362
356 1374
356 1386
356 1401
356 1402
356 1416
356 1425
356 1430
356 1520
356 1545
356 1553
356 1564
356 1567
356 1581
356 1584
356 1597
356 1602
356 1615
356 1623
356 1643
356 1700
356 1795
357 399
357 430
357 478
357 718
357 846
357 990
357 1483
357 1507
357 1685
358 367
358 459
358 473
358 516
358 712
359 399
360 388
360 459
360 462
360 537
360 637
360 696
360 772
360 787
360 808
360 863
360 912
360 1025
360 1055
360 1068
360 1254
360 1401
360 1416
360 1435
360 1586
360 1640
360 1726
360 1748
361 712
361 764
361 782
361 927
361 1212
361 1420
362 363
362 453
362 474
362 501
362 712
362 815
363 398
363 428
363 508
363 531
363 770
363 814
363 829
363 870
363 938
363 992
364 371
364 397
364 398
364 399
364 421
364 430
364 447
364 539
364 554
364 614
364 637
364 769
365 999
365 1348
365 1600
365 1656
366 367
366 392
366 478
366 597
366 641
366 686
366 1183
366 1230
366 1247
366 1345
366 1539
366 1623
367 370
367 371
367 387
367 393
367 397
367 400
367 403
367 440
367 446
367 453
367 459
367 467
367 474
367 481
367 482
367 513
367 516
367 537
367 538
367 541
367 544
367 548
367 593
367 603
367 604
367 647
367 735
367 965
367 991
367 1020
367 1235
367 1282
369 567
369 712
369 764
369 1071
369 1416
369 1616
370 371
370 376
370 399
370 430
370 447
370 480
370 550
370 554
370 589
370 635
370 788
370 870
370 1268
371 374
371 375
371 377
371 384
371 388
371 390
371 391
371 392
371 395
371 401
371 406
371 408
371 428
371 430
371 436
371 444
371 446
371 447
371 453
371 459
371 460
371 465
371 472
371 473
371 474
371 481
371 482
371 483
371 488
371 493
371 494
371 503
371 507
371 512
371 513
371 526
371 535
371 537
371 545
371 559
371 568
371 591
371 594
371 597
371 604
371 620
371 637
371 638
371 651
371 672
371 678
371 685
371 700
371 710
371 712
371 752
371 757
371 760
371 764
371 765
371 768
371 791
371 797
371 798
371 808
371 817
371 822
371 825
371 830
371 834
371 842
371 843
371 858
371 863
371 873
371 877
371 918
371 927
371 931
371 937
371 951
371 968
371 974
371 987
371 1004
371 1013
371 1017
371 1049
371 1110
371 1116
371 1126
371 1162
371 1183
371 1188
371 1208
371 1213
371 1235
371 1243
371 1245
371 1267
371 1279
371 1282
371 1342
371 1351
371 1353
371 1357
371 1358
371 1361
371 1376
371 1380
371 1401
371 1411
371 1488
371 1492
371 1528
371 1539
371 1541
371 1579
371 1623
372 637
372 991
372 1022
372 1337
372 1462
374 398
374 421
374 447
374 495
374 602
374 870
374 883
374 911
374 943
374 1100
374 1157
374 1184
374 1188
374 1542
374 1835
375 376
375 399
375 480
375 513
375 686
375 810
375 823
375 1116
375 1135
375 1182
375 1539
376 414
376 474
376 481
376 550
376 591
376 614
376 626
376 703
376 754
376 776
376 789
376 813
376 855
376 870
376 940
376 941
376 949
376 991
376 1018
376 1046
376 1050
376 1059
376 1116
376 1121
376 1184
376 1282
376 1506
377 395
377 397
377 399
377 406
377 424
377 480
377 497
377 585
377 643
377 811
377 993
377 1189
377 1538
377 1712
378 431
378 449
378 481
378 541
378 682
378 769
378 994
378 1032
378 1033
378 1036
378 1157
378 1432
378 1712
379 938
379 1268
380 778
381 398
381 399
382 391
383 1747
384 637
385 386
385 398
385 399
385 421
385 513
385 585
385 608
385 754
385 769
385 780
385 789
386 480
387 404
387 407
387 438
387 512
387 513
387 550
387 554
387 589
387 595
387 626
387 635
387 637
387 638
387 647
387 680
387 712
387 720
387 736
387 760
387 794
387 834
387 858
387 881
387 1018
387 1184
388 399
388 421
388 423
388 447
388 453
388 455
388 466
388 481
388 491
388 493
388 495
388 497
388 508
388 541
388 558
388 572
388 585
388 597
388 608
388 618
388 639
388 643
388 651
388 666
388 724
388 726
388 796
388 829
388 949
388 1041
388 1058
388 1112
388 1188
388 1212
388 1268
388 1280
388 1282
388 1284
388 1412
388 1437
388 1471
388 1575
388 1629
388 1687
389 1331
390 399
390 421
390 554
390 608
390 666
390 870
390 1153
390 1327
390 1668
390 1740
390 1898
391 399
391 422
391 447
391 465
391 474
391 501
391 513
391 537
391 738
391 814
391 870
391 949
391 997
391 1050
391 1053
391 1235
391 1282
391 1294
391 1314
391 1382
391 1659
391 1698
392 393
392 430
392 461
392 497
392 554
392 572
392 619
392 643
392 678
392 703
392 732
392 737
392 767
392 792
392 799
392 833
392 869
392 914
392 941
392 943
392 962
392 1110
392 1188
392 1189
392 1284
392 1345
392 1515
392 1584
392 1597
392 1600
392 1656
392 1685
392 1749
392 1782
393 394
393 397
393 421
393 428
393 430
393 455
393 503
393 521
393 575
393 585
393 637
393 651
393 675
393 737
393 1003
393 1110
393 1189
393 1235
393 1297
393 1525
393 1567
393 1581
393 1600
394 446
395 397
395 398
395 399
395 406
395 413
395 424
395 430
395 455
395 480
395 481
395 513
395 538
395 585
395 637
395 678
395 769
395 1112
395 1166
395 1471
397 404
397 430
397 446
397 455
397 462
397 464
397 467
397 470
397 478
397 479
397 482
397 501
397 502
397 508
397 545
397 672
397 678
397 696
397 700
397 724
397 757
397 770
397 781
397 827
397 833
397 1012
397 1135
397 1214
397 1236
397 1259
397 1290
397 1358
397 1376
397 1396
397 1525
397 1597
397 1623
397 1643
397 1675
397 1729
397 1737
397 1780
397 1835
399 401
399 410
399 418
399 419
399 427
399 428
399 435
399 436
399 438
399 440
399 442
399 443
399 444
399 445
399 446
399 448
399 450
399 451
399 453
399 458
399 459
399 462
399 463
399 465
399 471
399 473
399 474
399 475
399 483
399 494
399 498
399 501
399 503
399 511
399 512
399 516
399 518
399 522
399 526
399 527
399 535
399 537
399 540
399 542
399 543
399 550
399 555
399 563
399 565
399 569
399 571
399 578
399 582
399 583
399 586
399 591
399 595
399 597
399 598
399 599
399 600
399 604
399 606
399 612
399 616
399 620
399 625
399 637
399 638
399 658
399 672
399 674
399 675
399 681
399 682
399 685
399 697
399 699
399 700
399 706
399 707
399 709
399 710
399 711
399 712
399 720
399 733
399 734
399 742
399 746
399 752
399 757
399 765
399 772
399 773
399 775
399 782
399 783
399 787
399 797
399 798
399 801
399 808
399 815
399 816
399 818
399 821
399 822
399 824
399 830
399 831
399 834
399 839
399 840
399 843
399 851
399 852
399 858
399 861
399 863
399 865
399 867
399 881
399 885
399 886
399 887
399 888
399 889
399 890
399 891
399 892
399 893
399 894
399 895
399 896
399 897
399 898
399 899
399 900
399 901
399 903
399 904
399 906
399 907
399 908
399 909
399 910
399 972
399 973
399 1141
399 1168
399 1254
399 1279
399 1342
399 1415
399 1418
399 1554
399 1597
399 1680
400 637
400 638
400 772
400 775
401 430
401 447
401 554
401 585
401 589
401 631
401 680
401 727
401 761
401 880
401 1018
401 1037
401 1172
401 1200
401 1249
401 1462
401 1538
402 568
402 616
402 768
403 678
403 786
404 423
404 455
404 496
404 507
404 513
404 776
404 792
404 949
404 1126
404 1506
404 1542
404 1782
406 424
406 430
406 460
406 732
406 764
407 589
407 767
407 780
407 1119
407 1121
407 1184
407 1372
408 412
408 541
408 562
408 585
408 686
408 870
408 1003
408 1031
408 1282
408 1712
409 422
409 999
412 478
412 604
412 653
412 658
412 672
412 682
412 689
412 858
412 1017
412 1280
413 474
413 606
414 435
414 455
414 474
414 537
414 672
414 807
414 839
414 840
414 996
414 1120
414 1126
414 1207
414 1230
414 1243
414 1245
414 1259
414 1282
414 1342
414 1349
414 1432
414 1466
414 1623
414 1675
414 1736
414 1780
417 474
417 511
417 522
417 542
417 578
417 579
417 641
417 678
417 710
417 927
417 965
417 985
417 999
417 1023
417 1401
417 1564
418 989
418 999
419 999
419 1051
420 544
420 1068
420 1394
420 1435
421 448
421 459
421 535
421 548
421 597
421 606
421 614
421 672
421 696
421 767
421 799
421 814
421 834
421 1040
421 1059
421 1280
421 1282
421 1298
421 1401
422 436
422 446
422 453
422 463
422 535
422 597
422 674
422 814
422 865
422 937
422 1025
422 1038
422 1254
422 1401
422 1425
422 1496
422 1564
422 1602
422 1664
423 494
424 538
424 696
424 752
424 764
424 991
424 1102
424 1401
425 426
428 430
428 480
428 491
428 493
428 545
428 715
428 776
428 870
428 949
428 1166
428 1188
428 1189
428 1288
428 1448
428 1567
428 1597
428 1668
428 1679
428 1699
428 1719
428 1755
429 474
429 535
429 597
429 637
429 856
430 453
430 474
430 482
430 494
430 537
430 543
430 560
430 565
430 594
430 604
430 616
430 625
430 626
430 696
430 726
430 737
430 772
430 822
430 839
430 852
430 858
430 968
430 974
430 982
430 1038
430 1090
430 1110
430 1116
430 1131
430 1189
430 1214
430 1230
430 1254
430 1294
430 1311
430 1315
430 1345
430 1394
430 1401
430 1430
430 1496
430 1578
430 1584
430 1586
430 1623
430 1643
430 1723
430 1730
430 1747
430 1761
430 1770
430 1795
430 1830
431 478
431 1586
432 433
436 481
436 486
436 495
436 513
436 545
436 623
436 624
436 630
436 677
436 732
436 769
436 870
436 877
436 914
436 933
436 1003
436 1032
436 1096
436 1112
436 1157
436 1188
436 1235
436 1268
436 1284
436 1538
436 1668
436 1671
436 1712
437 516
437 537
437 686
437 713
437 738
437 753
437 777
437 791
437 877
437 1318
437 1439
437 1670
438 439
438 512
438 513
438 539
438 544
438 561
438 589
438 635
438 637
438 777
438 794
438 951
438 1018
438 1448
439 459
439 512
439 522
439 534
439 554
439 561
439 586
439 587
439 589
439 604
439 625
439 680
439 757
439 794
439 1096
439 1102
439 1130
439 1214
439 1235
439 1243
439 1383
439 1539
440 441
440 1271
441 604
441 634
441 653
441 752
441 851
441 1040
441 1183
441 1246
441 1564
442 519
442 1408
442 1542
444 493
444 556
444 613
444 870
446 455
446 611
446 703
446 718
446 732
446 1036
446 1063
446 1254
446 1282
446 1284
446 1525
446 1666
446 1865
446 1898
447 453
447 494
447 512
447 560
447 568
447 586
447 600
447 625
447 678
447 685
447 710
447 711
447 783
447 808
447 814
447 816
447 822
447 830
447 834
447 839
447 966
447 968
447 970
447 972
447 985
447 986
448 455
448 497
448 608
448 793
448 992
448 1041
448 1126
448 1516
448 1519
450 1519
450 1873
451 480
451 623
451 870
452 515
452 678
453 455
453 466
453 481
453 493
453 495
453 508
453 509
453 513
453 538
453 545
453 585
453 672
453 724
453 732
453 769
453 776
453 777
453 796
453 829
453 939
453 941
453 949
453 991
453 993
453 1035
453 1042
453 1126
453 1166
453 1184
453 1188
453 1235
453 1268
453 1325
453 1339
453 1368
453 1412
453 1667
453 1668
455 456
455 464
455 473
455 494
455 500
455 526
455 537
455 550
455 552
455 616
455 637
455 653
455 696
455 1096
455 1126
455 1131
455 1245
455 1311
455 1312
455 1541
455 1623
455 1643
455 1788
456 938
456 1268
459 541
459 545
459 566
459 585
459 607
459 651
459 713
459 732
459 769
459 933
459 938
459 1022
459 1036
459 1512
459 1519
459 1668
461 604
461 616
461 637
461 674
461 712
461 741
461 912
461 991
461 1033
461 1254
461 1280
461 1298
461 1637
461 1645
461 1712
462 468
462 481
462 491
462 493
462 513
462 531
462 554
462 608
462 630
462 686
462 747
462 769
462 870
462 1003
462 1008
462 1009
462 1032
462 1184
462 1740
464 678
464 1012
465 870
465 938
467 474
467 501
467 536
467 593
467 616
467 829
467 913
467 1252
467 1282
467 1301
467 1371
467 1405
467 1419
467 1541
467 1584
467 1646
467 1747
468 502
468 518
468 524
468 597
468 696
468 805
468 1180
468 1216
468 1628
468 1780
469 599
469 620
469 991
469 1259
469 1282
469 1508
470 846
470 1337
470 1726
471 478
472 619
472 686
472 707
472 770
472 1188
472 1216
472 1396
473 478
473 519
473 614
473 639
473 641
473 643
473 645
473 650
473 678
473 688
473 712
473 718
473 724
473 740
473 748
473 759
473 833
473 846
473 950
473 1013
473 1109
473 1126
473 1157
473 1186
473 1207
473 1284
473 1309
473 1338
473 1348
473 1376
473 1623
473 1643
473 1678
473 1712
473 1755
473 1757
473 1785
473 1791
474 480
474 495
474 501
474 545
474 590
474 593
474 597
474 602
474 618
474 637
474 639
474 640
474 641
474 677
474 696
474 703
474 726
474 732
474 748
474 769
474 778
474 820
474 840
474 869
474 997
474 1035
474 1063
474 1065
474 1100
474 1102
474 1104
474 1152
474 1162
474 1166
474 1179
474 1188
474 1213
474 1272
474 1280
474 1282
474 1284
474 1415
474 1479
474 1542
474 1555
474 1597
474 1677
474 1685
474 1740
476 481
476 525
476 1270
476 1328
478 480
478 482
478 604
478 637
478 638
478 641
478 658
478 682
478 686
478 710
478 711
478 712
478 752
478 757
478 787
478 1017
478 1032
478 1183
478 1212
478 1235
478 1337
478 1539
478 1545
478 1623
479 686
479 999
480 516
480 560
480 565
480 585
480 637
480 638
480 641
480 643
480 653
480 678
480 686
480 699
480 700
480 767
480 768
480 782
480 814
480 837
480 974
480 987
480 991
480 1235
480 1283
480 1401
480 1647
481 531
481 545
481 554
481 587
481 597
481 637
481 696
481 712
481 760
481 765
481 798
481 808
481 822
481 863
481 877
481 900
481 927
481 985
481 1004
481 1071
481 1102
481 1188
481 1216
481 1280
481 1282
481 1293
481 1401
481 1488
481 1547
481 1586
481 1646
481 1664
481 1673
482 582
482 678
482 767
482 781
482 820
482 1166
482 1188
482 1223
482 1312
482 1316
482 1407
482 1542
482 1755
483 705
483 769
483 912
484 1420
486 597
486 616
486 657
486 696
486 1025
486 1235
486 1280
487 597
487 1433
489 522
491 535
491 597
491 685
491 696
491 707
491 709
491 711
491 746
491 773
491 783
491 816
491 834
491 966
491 1020
491 1104
491 1180
491 1252
491 1564
491 1623
491 1628
491 1643
493 1188
493 1435
493 1439
493 1646
493 1859
494 497
494 538
494 539
494 541
494 545
494 548
494 559
494 584
494 585
494 645
494 648
494 651
494 713
494 740
494 769
494 793
494 799
494 814
494 822
494 830
494 863
494 870
494 883
494 932
494 949
494 999
494 1042
494 1048
494 1049
494 1065
494 1112
494 1184
494 1212
494 1280
494 1327
494 1331
494 1366
494 1380
494 1405
494 1432
494 1516
494 1629
494 1712
495 522
495 587
495 657
495 682
496 550
496 1279
496 1295
496 1351
496 1401
496 1490
497 500
497 547
497 597
497 625
497 637
497 638
497 648
497 653
497 685
497 707
497 712
497 752
497 814
497 822
497 830
497 839
497 863
497 868
497 873
497 880
497 984
497 1049
497 1067
497 1071
497 1099
497 1100
497 1134
497 1157
497 1214
497 1235
497 1282
497 1292
497 1401
497 1433
497 1443
497 1469
497 1646
500 767
501 538
501 539
501 554
501 566
501 593
501 597
501 611
501 618
501 703
501 705
501 732
501 751
501 766
501 769
501 776
501 777
501 829
501 870
501 877
501 932
501 941
501 969
501 993
501 997
501 1017
501 1037
501 1048
501 1173
501 1188
501 1212
501 1213
501 1232
501 1282
501 1284
501 1396
501 1415
501 1437
501 1542
501 1587
502 526
502 604
502 616
502 637
502 738
502 1216
502 1315
502 1561
502 1712
502 1755
503 541
503 585
503 678
503 703
503 718
503 770
503 1166
503 1338
503 1405
503 1516
503 1519
503 1739
504 637
504 1259
506 1035
506 1122
506 1312
506 1316
506 1401
507 616
507 1112
508 512
508 533
508 535
508 554
508 582
508 591
508 594
508 614
508 615
508 638
508 697
508 706
508 710
508 712
508 757
508 782
508 798
508 814
508 816
508 839
508 871
508 892
508 974
508 1025
508 1038
508 1049
508 1096
508 1102
508 1110
508 1116
508 1254
508 1357
508 1394
508 1412
508 1462
508 1586
508 1602
508 1664
508 1838
510 543
510 598
510 604
510 637
510 1279
512 513
512 534
512 541
512 544
512 554
512 556
512 585
512 587
512 588
512 589
512 625
512 626
512 635
512 640
512 647
512 648
512 651
512 653
512 680
512 722
512 751
512 761
512 769
512 776
512 784
512 797
512 833
512 870
512 949
512 989
512 992
512 993
512 1100
512 1282
512 1519
512 1542
513 516
513 554
513 560
513 589
513 616
513 625
513 647
513 648
513 653
513 697
513 761
513 776
513 798
513 831
513 834
513 839
513 852
513 864
513 1101
513 1349
513 1397
514 602
515 563
515 616
515 678
515 1073
515 1280
515 1404
515 1444
515 1723
516 539
516 554
516 569
516 585
516 615
516 643
516 708
516 713
516 777
516 949
516 1047
516 1064
516 1587
517 524
517 643
517 734
517 1338
517 1345
517 1435
517 1487
517 1535
517 1539
517 1579
517 1829
519 637
519 963
519 1016
519 1167
519 1331
519 1623
519 1643
519 1791
521 597
522 523
522 548
522 564
522 584
522 590
522 597
522 608
522 611
522 614
522 628
522 705
522 707
522 723
522 769
522 790
522 798
522 799
522 811
522 845
522 869
522 874
522 898
522 919
522 989
522 1021
522 1031
522 1040
522 1048
522 1092
522 1113
522 1136
522 1148
522 1181
522 1188
522 1268
522 1282
522 1331
522 1342
522 1379
522 1393
522 1396
522 1478
522 1538
522 1540
522 1542
522 1565
522 1591
522 1634
522 1656
522 1661
522 1666
522 1740
522 1782
522 1805
522 1813
522 1816
522 1817
522 1818
522 1819
522 1820
522 1821
522 1822
522 1823
522 1824
522 1825
522 1826
524 546
524 556
524 651
524 864
524 1245
524 1542
524 1600
524 1622
524 1712
524 1755
524 1810
525 1328
526 546
526 553
526 556
526 637
526 745
526 922
526 933
526 1041
526 1282
526 1538
527 1184
529 1268
531 535
531 540
531 545
531 637
531 764
531 881
531 1235
531 1280
533 585
533 598
533 624
533 651
533 769
534 593
534 712
535 536
535 538
535 614
535 732
535 748
535 764
535 777
535 781
535 794
535 839
535 881
535 883
535 914
535 920
535 926
535 932
535 939
535 992
535 993
535 1112
535 1126
535 1184
535 1188
535 1223
535 1235
535 1239
535 1280
535 1316
535 1542
535 1550
535 1656
535 1712
535 1782
535 1835
536 776
536 877
536 938
536 941
536 1008
536 1227
536 1269
536 1331
536 1521
536 1666
536 1712
536 1740
537 539
537 545
537 562
537 566
537 569
537 585
537 614
537 769
537 780
537 1064
537 1282
537 1580
537 1670
537 1712
537 1749
537 1782
538 604
538 709
538 712
538 764
538 816
538 839
538 951
538 974
538 984
538 1020
538 1071
538 1102
538 1252
538 1280
538 1361
538 1597
539 570
539 587
539 614
539 615
539 637
539 666
539 738
539 753
539 777
539 830
539 989
539 1103
539 1141
539 1225
539 1280
539 1348
539 1541
541 542
541 545
541 547
541 548
541 566
541 582
541 595
541 597
541 606
541 620
541 637
541 658
541 685
541 696
541 712
541 728
541 740
541 752
541 759
541 782
541 787
541 808
541 815
541 822
541 839
541 927
541 985
541 1032
541 1058
541 1068
541 1069
541 1071
541 1102
541 1157
541 1215
541 1280
541 1291
541 1593
542 639
542 1188
542 1282
542 1338
542 1512
543 545
543 566
543 732
543 769
543 796
543 922
543 979
543 1112
543 1235
543 1268
543 1272
543 1284
543 1412
543 1623
543 1646
543 1666
544 550
544 554
544 591
544 626
544 675
544 712
544 991
544 1018
544 1046
544 1059
544 1068
544 1119
544 1184
544 1327
544 1448
545 571
545 582
545 597
545 637
545 712
545 724
545 765
545 773
545 808
545 822
545 830
545 834
545 852
545 877
545 1004
545 1040
545 1052
545 1136
545 1188
545 1254
545 1347
545 1361
545 1379
545 1488
545 1586
545 1643
546 641
546 643
546 710
546 711
546 712
546 724
546 837
546 858
546 1017
546 1020
546 1036
546 1126
546 1168
546 1173
546 1245
546 1259
546 1279
546 1280
546 1282
546 1433
546 1442
546 1565
546 1615
547 566
547 712
547 822
547 912
547 1032
547 1058
548 637
548 696
548 793
548 822
548 829
548 966
548 968
548 1235
548 1252
548 1412
548 1597
550 586
550 589
550 591
550 672
550 675
550 858
550 991
550 1018
550 1116
550 1189
551 764
551 768
551 974
551 985
551 1230
551 1412
552 1542
552 1600
553 672
554 561
554 569
554 589
554 593
554 597
554 606
554 625
554 626
554 635
554 638
554 640
554 653
554 675
554 699
554 753
554 761
554 764
554 794
554 801
554 839
554 842
554 855
554 885
554 963
554 968
554 991
554 1018
554 1046
554 1059
554 1116
554 1166
554 1172
554 1184
554 1186
554 1235
554 1280
554 1291
554 1448
554 1633
555 796
555 883
556 560
556 582
556 604
556 616
556 678
556 707
556 791
556 842
556 925
556 968
556 1035
556 1230
556 1259
556 1279
556 1337
556 1345
556 1386
556 1564
556 1623
556 1643
558 1068
559 587
559 597
559 599
559 606
559 637
559 727
559 808
559 839
559 907
559 1068
559 1071
559 1117
559 1215
559 1247
559 1279
559 1282
559 1401
559 1597
559 1628
560 726
560 732
560 846
560 955
560 1017
560 1174
560 1176
560 1282
560 1309
560 1542
560 1668
560 1712
560 1749
560 1898
561 589
561 635
561 637
561 680
561 761
561 794
562 653
562 682
562 1158
563 767
566 594
566 597
566 601
566 637
566 712
566 752
566 762
566 822
566 973
566 1059
566 1071
567 764
567 1597
568 605
568 614
568 639
568 673
568 799
568 943
568 948
568 966
568 1180
568 1188
568 1312
568 1334
568 1336
568 1351
568 1509
568 1521
568 1678
569 585
569 615
569 677
569 753
569 777
569 1064
570 637
570 651
571 677
572 597
572 686
572 808
572 839
572 927
572 1291
572 1435
572 1664
573 651
573 1041
573 1790
574 575
574 842
574 1030
574 1113
574 1423
574 1426
574 1467
575 639
575 648
575 732
575 759
575 791
575 809
575 842
575 884
575 965
575 1032
575 1037
575 1112
575 1166
575 1188
575 1234
575 1280
575 1282
575 1338
575 1392
575 1487
575 1538
576 682
577 1283
577 1575
579 678
580 581
580 778
580 1601
581 597
581 625
581 778
581 860
581 1209
581 1211
581 1260
581 1342
581 1435
581 1615
581 1674
581 1677
581 1881
582 589
582 738
582 753
582 794
582 820
582 1184
582 1541
584 651
584 1283
585 588
585 597
585 606
585 615
585 625
585 637
585 638
585 653
585 665
585 672
585 686
585 697
585 706
585 712
585 757
585 767
585 773
585 782
585 783
585 803
585 814
585 815
585 831
585 839
585 898
585 951
585 968
585 977
585 1028
585 1038
585 1064
585 1068
585 1071
585 1096
585 1106
585 1135
585 1177
585 1252
585 1282
585 1315
585 1390
585 1401
586 587
586 589
586 1184
587 635
587 680
587 726
587 845
587 949
587 952
587 1018
587 1184
587 1232
587 1542
587 1740
588 665
588 1338
589 594
589 595
589 625
589 626
589 635
589 637
589 638
589 640
589 647
589 648
589 653
589 680
589 752
589 759
589 794
589 834
589 839
589 858
589 892
589 963
589 974
589 985
589 1018
589 1032
589 1059
589 1143
589 1184
589 1282
590 710
591 621
591 623
591 833
591 870
591 1013
591 1372
591 1542
592 620
592 767
592 1282
592 1618
592 1712
592 1740
593 751
593 764
593 839
593 881
593 1037
593 1170
593 1288
593 1471
593 1532
594 623
594 658
594 659
594 769
594 870
594 1036
594 1086
594 1100
594 1188
594 1525
594 1542
595 604
595 616
595 618
595 621
595 630
595 643
595 653
595 703
595 723
595 732
595 781
595 988
595 993
595 1003
595 1152
595 1178
595 1186
595 1283
595 1289
596 634
596 852
597 602
597 608
597 614
597 620
597 643
597 644
597 648
597 651
597 686
597 703
597 751
597 769
597 793
597 808
597 829
597 833
597 869
597 877
597 914
597 939
597 943
597 979
597 1003
597 1005
597 1021
597 1031
597 1032
597 1069
597 1070
597 1079
597 1092
597 1112
597 1117
597 1184
597 1188
597 1215
597 1261
597 1282
597 1284
597 1289
597 1291
597 1302
597 1376
597 1378
597 1402
597 1473
597 1516
597 1519
597 1537
597 1555
597 1561
597 1563
597 1575
597 1597
597 1712
598 635
598 769
598 997
598 1380
598 1538
598 1712
599 631
599 666
599 713
599 778
599 822
599 846
599 926
599 979
599 1179
599 1188
599 1331
599 1453
599 1542
600 850
600 1516
600 1538
600 1861
601 637
602 627
602 637
602 712
602 721
602 813
602 918
602 1282
604 614
604 616
604 619
604 624
604 639
604 643
604 680
604 686
604 699
604 703
604 725
604 733
604 748
604 769
604 776
604 794
604 809
604 829
604 880
604 941
604 1022
604 1183
604 1184
604 1245
604 1252
604 1280
604 1289
604 1338
604 1405
604 1600
604 1666
604 1697
604 1712
605 820
605 1361
605 1501
605 1502
605 1509
606 608
606 621
606 624
606 724
606 727
606 740
606 753
606 778
606 1112
606 1184
608 637
608 712
608 764
608 782
608 783
608 814
608 835
608 839
608 963
608 970
608 974
608 1025
608 1035
608 1055
608 1096
608 1112
608 1181
608 1324
608 1339
608 1372
608 1380
608 1477
608 1496
608 1628
608 1664
609 709
609 1290
611 612
611 625
614 615
614 651
614 665
614 705
614 712
614 739
614 764
614 822
614 839
614 1025
614 1041
614 1062
614 1071
614 1102
614 1107
614 1115
614 1116
614 1129
614 1177
614 1180
614 1184
614 1189
614 1212
614 1233
614 1235
614 1240
614 1243
614 1255
614 1330
614 1372
614 1386
614 1424
614 1525
614 1578
614 1667
614 1763
615 622
615 665
615 686
615 732
615 738
615 793
615 799
615 961
615 1318
615 1405
616 639
616 643
616 676
616 680
616 682
616 687
616 700
616 703
616 727
616 733
616 735
616 769
616 776
616 804
616 833
616 853
616 965
616 969
616 1170
616 1284
616 1289
616 1331
616 1538
616 1542
616 1600
616 1666
616 1712
616 1782
616 1877
618 653
618 660
618 783
618 985
619 653
619 672
619 678
619 700
619 817
619 873
619 966
619 985
619 1029
619 1117
619 1180
619 1188
619 1210
619 1243
619 1293
619 1486
619 1564
619 1567
619 1643
619 1666
619 1791
620 685
620 718
620 767
620 771
620 773
620 796
620 818
620 823
620 829
620 833
620 923
620 957
620 1062
620 1164
620 1279
620 1372
620 1525
620 1543
620 1646
621 622
621 637
623 657
623 696
623 712
624 629
624 630
624 661
624 774
624 944
624 1597
625 631
625 633
625 635
625 643
625 647
625 648
625 654
625 680
625 688
625 699
625 732
625 736
625 737
625 757
625 761
625 769
625 794
625 809
625 833
625 837
625 855
625 858
625 914
625 1035
625 1051
625 1135
625 1172
625 1188
625 1192
625 1235
625 1268
625 1271
625 1280
625 1522
625 1740
626 647
626 648
626 654
626 680
626 722
626 736
626 761
626 778
626 992
626 1018
626 1184
626 1327
628 712
628 898
629 654
630 632
630 661
630 774
631 638
631 648
631 653
631 654
631 712
631 837
631 993
631 1117
631 1167
631 1330
631 1597
632 654
633 656
633 767
633 851
633 987
633 1795
634 718
634 724
634 811
634 1051
634 1261
634 1268
634 1432
635 637
635 654
636 637
636 696
637 639
637 641
637 642
637 645
637 650
637 680
637 686
637 696
637 705
637 718
637 723
637 724
637 725
637 726
637 732
637 735
637 743
637 752
637 757
637 765
637 777
637 778
637 793
637 796
637 829
637 846
637 869
637 880
637 883
637 912
637 938
637 939
637 942
637 949
637 963
637 979
637 983
637 990
637 995
637 1000
637 1013
637 1033
637 1037
637 1041
637 1044
637 1048
637 1058
637 1065
637 1070
637 1079
637 1080
637 1092
637 1100
637 1112
637 1123
637 1157
637 1174
637 1184
637 1185
637 1188
637 1234
637 1235
637 1284
637 1299
637 1316
637 1324
637 1325
637 1339
637 1369
637 1370
637 1378
637 1405
637 1479
637 1491
637 1506
637 1712
637 1726
638 641
638 686
638 713
638 732
638 739
638 748
638 769
638 877
638 914
638 979
638 992
638 993
638 1003
638 1032
638 1053
638 1126
638 1288
638 1331
638 1380
638 1432
638 1437
638 1542
638 1712
639 641
639 654
639 685
639 686
639 696
639 700
639 711
639 757
639 782
639 783
639 870
639 884
639 1061
639 1071
639 1102
639 1117
639 1235
639 1252
639 1401
639 1467
639 1525
640 712
640 858
640 1126
641 644
641 651
641 672
641 686
641 696
641 710
641 720
641 734
641 752
641 757
641 765
641 773
641 780
641 783
641 808
641 948
641 962
641 1023
641 1279
641 1337
641 1345
641 1401
641 1443
641 1754
642 757
642 1282
642 1364
642 1370
643 653
643 658
643 696
643 700
643 706
643 707
643 710
643 711
643 712
643 718
643 752
643 772
643 837
643 858
643 898
643 918
643 942
643 976
643 985
643 994
643 1098
643 1117
643 1183
643 1189
643 1215
643 1233
643 1243
643 1250
643 1252
643 1261
643 1267
643 1278
643 1280
643 1282
643 1294
643 1401
643 1419
643 1534
643 1567
643 1615
643 1647
643 1726
643 1727
643 1748
644 654
644 696
644 1235
644 1245
644 1259
644 1282
644 1301
644 1520
644 1597
644 1623
644 1782
645 646
645 649
645 650
645 672
645 682
645 709
645 752
645 757
645 941
645 1020
645 1030
647 648
647 722
648 678
648 722
648 985
649 941
649 1030
650 712
650 764
650 941
650 1030
651 653
651 658
651 706
651 752
651 755
651 760
651 821
651 830
651 861
651 927
651 953
651 985
651 1014
651 1015
651 1070
651 1129
651 1207
651 1245
651 1316
651 1371
651 1564
651 1623
651 1628
651 1643
651 1712
651 1727
653 678
653 680
653 699
653 700
653 732
653 737
653 761
653 769
653 781
653 809
653 914
653 941
653 962
653 990
653 1044
653 1126
653 1135
653 1172
653 1180
653 1247
653 1250
653 1252
653 1282
653 1597
653 1666
654 655
654 656
654 661
654 663
654 664
654 667
654 668
654 669
654 670
654 671
656 1542
656 1898
657 666
657 769
657 883
657 989
657 1109
657 1478
657 1597
658 659
658 680
658 943
658 1538
659 724
659 776
659 1282
659 1338
665 688
665 712
665 1275
666 685
666 839
666 1129
666 1401
666 1434
666 1597
668 1195
668 1395
672 678
672 686
672 701
672 723
672 724
672 1012
672 1112
672 1126
672 1236
672 1252
672 1402
672 1556
672 1586
672 1772
672 1782
673 1067
673 1078
673 1099
673 1252
673 1279
673 1337
673 1345
673 1623
673 1723
673 1741
673 1788
673 1864
673 1876
675 718
675 858
675 1018
675 1184
675 1205
677 698
677 706
677 1301
678 682
678 687
678 700
678 713
678 719
678 767
678 786
678 791
678 816
678 821
678 832
678 840
678 850
678 858
678 864
678 902
678 918
678 922
678 948
678 953
678 961
678 962
678 985
678 1082
678 1094
678 1173
678 1175
678 1177
678 1247
678 1280
678 1309
678 1362
678 1486
678 1573
678 1641
678 1772
680 697
680 710
680 712
680 757
680 761
680 787
680 794
680 801
680 858
680 985
680 986
680 987
680 991
680 1041
680 1071
680 1117
680 1184
680 1337
680 1401
680 1448
680 1488
680 1788
680 1791
680 1836
680 1838
681 1036
682 757
682 769
682 823
682 1167
682 1188
682 1280
685 718
685 767
685 769
685 781
685 872
685 923
685 949
685 999
685 1167
685 1269
685 1624
685 1675
686 712
686 752
686 756
686 782
686 784
686 814
686 822
686 831
686 835
686 842
686 858
686 875
686 935
686 949
686 1003
686 1031
686 1050
686 1053
686 1055
686 1068
686 1096
686 1100
686 1177
686 1184
686 1236
686 1280
686 1282
686 1377
686 1401
686 1439
686 1615
686 1680
688 708
688 1188
695 712
696 697
696 718
696 724
696 740
696 754
696 778
696 781
696 807
696 869
696 911
696 914
696 922
696 926
696 943
696 965
696 1005
696 1012
696 1017
696 1022
696 1033
696 1041
696 1051
696 1069
696 1075
696 1126
696 1167
696 1271
696 1318
696 1348
696 1372
696 1471
696 1516
696 1542
696 1623
696 1630
696 1685
696 1712
696 1773
696 1782
696 1835
696 1851
696 1863
696 1865
697 796
697 949
697 989
698 709
698 958
698 1263
698 1280
698 1282
698 1373
698 1835
699 703
699 748
699 821
699 1173
699 1252
699 1282
699 1288
700 731
700 769
700 770
700 780
700 781
700 839
700 857
700 914
700 996
700 999
700 1005
700 1020
700 1032
700 1033
700 1035
700 1050
700 1051
700 1092
700 1184
700 1280
700 1412
700 1578
700 1600
703 706
703 710
703 711
703 712
703 733
703 757
703 765
703 767
703 775
703 787
703 797
703 798
703 812
703 821
703 834
703 838
703 840
703 847
703 851
703 858
703 900
703 918
703 923
703 942
703 957
703 970
703 977
703 985
703 1025
703 1049
703 1052
703 1059
703 1066
703 1071
703 1090
703 1091
703 1099
703 1130
703 1137
703 1140
703 1180
703 1182
703 1194
703 1195
703 1208
703 1213
703 1216
703 1230
703 1233
703 1235
703 1243
703 1245
703 1246
703 1247
703 1254
703 1256
703 1279
703 1282
703 1285
703 1294
703 1295
703 1296
703 1297
703 1301
703 1305
703 1321
703 1323
703 1328
703 1392
703 1394
703 1399
703 1401
703 1402
703 1422
703 1466
703 1467
703 1477
703 1486
703 1488
703 1508
703 1564
703 1577
703 1579
703 1584
703 1602
704 706
704 709
704 711
704 787
704 802
704 824
705 712
705 739
705 799
705 839
705 989
705 1218
705 1235
705 1240
705 1255
705 1382
705 1396
705 1530
706 724
706 938
706 992
706 1030
706 1036
706 1372
707 718
707 732
707 769
707 809
707 811
707 833
707 864
707 917
707 939
707 948
707 1017
707 1051
707 1057
707 1074
707 1189
707 1284
707 1499
707 1507
707 1538
707 1597
707 1712
708 1390
709 726
709 969
709 979
709 1112
709 1269
709 1280
709 1282
709 1372
709 1373
709 1381
709 1488
709 1516
709 1538
709 1542
709 1561
709 1597
709 1666
709 1685
709 1712
709 1736
709 1782
710 727
710 740
710 872
710 1017
710 1033
710 1051
710 1183
710 1326
710 1338
710 1355
710 1372
710 1555
710 1600
710 1622
710 1677
710 1867
710 1897
711 712
711 718
711 727
711 732
711 752
711 757
711 833
711 999
711 1036
711 1041
711 1397
711 1618
712 713
712 714
712 715
712 716
712 717
712 719
712 723
712 724
712 725
712 726
712 732
712 736
712 737
712 739
712 747
712 748
712 749
712 750
712 761
712 769
712 778
712 780
712 841
712 846
712 877
712 883
712 911
712 918
712 926
712 939
712 949
712 993
712 997
712 998
712 1017
712 1027
712 1031
712 1035
712 1041
712 1042
712 1048
712 1051
712 1058
712 1065
712 1100
712 1126
712 1153
712 1157
712 1164
712 1166
712 1184
712 1185
712 1188
712 1214
712 1240
712 1262
712 1282
712 1310
712 1325
712 1331
712 1338
712 1366
712 1372
712 1378
712 1380
712 1415
712 1440
712 1448
712 1475
712 1516
712 1525
712 1527
712 1587
712 1656
712 1660
712 1755
712 1898
713 814
713 839
713 842
713 927
713 1188
713 1213
713 1235
713 1254
713 1283
713 1375
713 1399
713 1492
713 1539
713 1584
713 1586
713 1646
714 783
715 839
715 1512
715 1519
718 724
718 752
718 757
718 801
718 837
718 861
718 912
718 923
718 930
718 968
718 985
718 1035
718 1135
718 1183
718 1235
718 1245
718 1250
718 1259
718 1335
718 1345
718 1419
718 1623
718 1640
718 1647
718 1654
718 1770
718 1867
719 786
720 776
720 780
720 781
720 866
720 870
720 922
720 1184
723 839
723 1646
724 727
724 834
724 839
724 858
724 927
724 951
724 985
724 1017
724 1126
724 1131
724 1216
724 1259
724 1260
724 1279
724 1280
724 1335
724 1433
724 1623
725 991
725 1235
725 1597
726 733
726 821
726 1279
727 728
727 729
727 757
727 761
727 787
727 1168
727 1282
727 1572
728 1572
730 823
730 1172
730 1282
731 927
731 957
731 1280
731 1433
732 752
732 757
732 760
732 782
732 783
732 798
732 834
732 839
732 858
732 892
732 902
732 918
732 927
732 937
732 963
732 966
732 986
732 1055
732 1117
732 1141
732 1168
732 1207
732 1230
732 1243
732 1254
732 1259
732 1283
732 1290
732 1301
732 1305
732 1312
732 1337
732 1375
732 1401
732 1422
732 1425
732 1607
732 1623
733 870
733 1022
733 1538
733 1666
734 789
734 809
734 838
734 1031
734 1167
734 1542
734 1574
734 1597
737 870
737 1189
737 1235
737 1282
737 1503
738 744
738 753
738 754
738 777
738 780
738 968
738 1112
738 1135
739 799
739 1255
739 1374
739 1403
740 757
740 766
740 927
740 1207
740 1254
740 1279
740 1282
740 1654
742 1184
743 778
746 760
746 795
747 1379
748 782
748 968
748 1117
748 1382
748 1486
748 1646
748 1723
748 1787
750 821
750 1577
751 820
751 834
751 860
751 942
751 985
751 1008
751 1031
751 1109
751 1141
751 1361
751 1367
751 1416
752 757
752 833
752 983
752 985
752 1032
752 1043
752 1099
752 1270
752 1282
752 1301
752 1316
752 1372
752 1409
752 1432
752 1538
753 754
753 777
753 902
753 1331
754 780
754 1017
754 1467
754 1623
754 1780
756 875
756 1712
757 761
757 833
757 1022
757 1041
757 1043
757 1282
757 1316
757 1448
757 1618
759 942
759 974
761 787
761 801
761 991
761 1135
761 1136
761 1488
761 1495
761 1496
761 1504
761 1584
761 1592
763 1268
764 799
764 829
764 870
764 881
764 882
764 932
764 938
764 1032
764 1088
764 1327
765 766
765 768
765 799
765 877
765 1512
767 769
767 771
767 773
767 796
767 800
767 818
767 823
767 873
767 885
767 923
767 1032
767 1188
767 1216
767 1247
767 1252
767 1271
767 1279
767 1303
767 1386
767 1430
767 1443
767 1597
767 1615
767 1699
768 779
768 1235
769 782
769 783
769 787
769 797
769 801
769 814
769 816
769 839
769 840
769 843
769 852
769 872
769 902
769 927
769 937
769 959
769 962
769 974
769 1020
769 1071
769 1102
769 1117
769 1195
769 1215
769 1216
769 1247
769 1254
769 1259
769 1279
769 1280
769 1282
769 1290
769 1301
769 1335
769 1383
769 1401
769 1490
770 782
770 808
770 833
770 968
770 985
770 987
770 991
770 1405
771 1017
772 775
772 1012
772 1563
772 1618
772 1740
772 1865
773 774
773 823
773 969
773 1112
773 1600
775 792
776 783
776 794
776 797
776 808
776 839
776 842
776 881
776 907
776 987
776 991
776 1020
776 1071
776 1110
776 1357
776 1597
776 1638
777 973
777 1028
777 1374
777 1383
778 808
778 839
778 968
778 1180
778 1307
778 1604
778 1677
779 804
780 985
780 987
780 1017
780 1037
780 1041
780 1135
780 1243
780 1252
780 1278
780 1279
780 1280
780 1286
780 1313
780 1316
780 1364
780 1402
780 1425
780 1460
780 1514
780 1527
780 1539
780 1549
780 1618
781 1282
782 783
782 784
782 785
782 792
782 842
782 870
782 877
782 932
782 938
782 997
782 999
782 1003
782 1024
782 1031
782 1063
782 1075
782 1112
782 1185
782 1212
782 1338
782 1380
782 1525
782 1685
782 1704
782 1740
783 992
783 1041
783 1600
783 1668
783 1716
783 1740
783 1898
784 785
784 792
784 1723
786 850
786 1251
786 1338
786 1489
787 1033
787 1572
787 1712
791 823
791 840
791 845
791 902
791 911
791 1005
791 1035
791 1079
791 1184
791 1189
791 1273
791 1282
791 1296
791 1412
791 1445
791 1471
792 862
792 949
792 985
792 1092
792 1130
792 1186
792 1214
792 1223
792 1229
792 1235
792 1283
792 1382
793 927
793 1112
793 1117
793 1160
793 1293
793 1380
793 1400
794 808
794 912
794 1024
794 1383
796 803
796 831
796 848
796 912
796 957
796 973
796 1120
796 1141
796 1206
796 1267
796 1268
796 1280
796 1282
796 1335
796 1342
796 1362
796 1391
796 1463
796 1464
796 1465
796 1470
796 1472
797 842
797 877
797 884
797 939
797 1380
797 1542
797 1740
798 993
798 1280
798 1361
798 1474
798 1556
798 1607
798 1666
798 1712
798 1747
799 963
799 1071
799 1153
799 1240
799 1255
799 1280
799 1296
799 1383
799 1412
800 1038
800 1245
800 1282
800 1597
801 1041
801 1126
801 1282
801 1309
801 1618
801 1647
804 806
804 820
804 1623
805 1331
807 844
807 1595
808 820
808 822
808 829
808 846
808 883
808 911
808 912
808 1070
808 1071
808 1100
808 1166
808 1212
808 1239
808 1261
808 1353
808 1378
808 1405
808 1448
808 1493
808 1521
808 1542
808 1544
808 1561
808 1667
808 1712
809 815
809 1020
809 1137
809 1183
809 1259
809 1280
809 1337
809 1350
809 1364
809 1401
809 1411
809 1419
809 1539
809 1623
809 1791
809 1871
811 1252
811 1615
811 1623
811 1643
812 938
813 822
813 825
813 870
813 912
813 924
813 927
813 1280
813 1551
814 870
814 914
814 938
814 943
814 949
814 992
814 995
814 1003
814 1021
814 1065
814 1112
814 1188
814 1304
814 1471
814 1740
815 823
815 940
816 914
816 942
816 980
816 1099
816 1198
816 1214
816 1247
816 1316
816 1448
816 1471
816 1712
817 846
817 1126
817 1268
817 1538
817 1541
818 821
818 824
818 828
818 1641
820 1405
820 1646
821 1188
821 1235
821 1338
821 1641
822 823
822 868
822 914
822 949
822 958
822 997
822 1031
822 1032
822 1112
822 1138
822 1162
822 1184
822 1188
822 1210
822 1221
822 1267
822 1368
822 1396
822 1524
822 1561
822 1575
823 1182
823 1235
823 1283
823 1495
824 999
825 912
825 924
827 1520
827 1729
829 839
829 870
829 876
829 879
829 912
829 923
829 951
829 1071
829 1339
829 1425
829 1747
830 870
830 933
830 938
830 979
830 980
830 993
830 1003
830 1030
830 1048
830 1049
830 1056
830 1186
830 1198
830 1269
830 1280
830 1448
830 1685
831 1269
833 861
833 865
833 873
833 985
833 1023
833 1067
833 1073
833 1117
833 1129
833 1195
833 1233
833 1245
833 1279
833 1364
834 860
834 985
834 1062
834 1188
834 1244
834 1280
834 1282
834 1542
835 1239
837 839
837 852
837 1337
838 1618
839 869
839 870
839 883
839 932
839 943
839 949
839 952
839 979
839 1030
839 1031
839 1042
839 1065
839 1076
839 1104
839 1112
839 1126
839 1157
839 1166
839 1184
839 1185
839 1188
839 1240
839 1273
839 1327
839 1339
839 1357
839 1396
839 1440
839 1542
839 1740
840 847
840 902
840 914
840 962
840 1005
840 1164
840 1445
840 1597
842 846
842 870
842 884
842 968
842 1050
842 1113
842 1166
842 1188
842 1194
842 1234
842 1236
842 1267
842 1282
842 1380
842 1405
842 1423
842 1552
842 1605
842 1666
842 1833
842 1834
843 1486
843 1672
846 867
846 912
846 963
846 968
846 1020
846 1032
846 1131
846 1254
846 1279
846 1386
846 1433
846 1471
846 1487
846 1490
846 1508
846 1513
846 1520
846 1565
846 1577
846 1674
846 1780
846 1871
847 877
847 1281
850 851
850 1013
851 965
851 1089
851 1179
851 1355
851 1360
851 1439
851 1520
851 1531
851 1542
851 1610
851 1774
852 880
852 905
852 975
852 1033
854 938
855 1116
855 1175
855 1397
855 1539
858 1059
858 1167
858 1286
858 1372
858 1402
858 1521
860 1145
861 914
861 999
861 1271
861 1600
863 989
863 992
863 1188
863 1282
864 1071
864 1401
864 1433
864 1647
867 1078
867 1556
867 1712
867 1865
867 1875
867 1892
868 1204
869 918
869 1311
870 925
870 941
870 951
870 968
870 970
870 977
870 980
870 987
870 1020
870 1025
870 1028
870 1049
870 1059
870 1096
870 1102
870 1137
870 1141
870 1210
870 1216
870 1222
870 1236
870 1259
870 1301
870 1312
870 1349
870 1350
870 1357
870 1364
870 1375
870 1383
870 1411
870 1416
870 1447
870 1490
870 1567
870 1602
870 1607
873 874
873 914
873 918
873 1542
875 1090
877 1004
877 1020
877 1049
877 1068
877 1071
877 1177
877 1188
877 1254
877 1337
877 1354
877 1361
877 1416
877 1425
877 1488
877 1539
877 1547
877 1584
877 1586
877 1636
877 1643
877 1646
877 1664
880 998
880 1089
880 1153
880 1217
880 1248
880 1433
880 1597
881 882
881 920
881 921
881 1088
881 1188
882 1441
883 900
883 912
883 927
883 1049
883 1068
883 1096
884 1605
885 914
885 1112
885 1238
885 1542
886 1268
886 1271
889 1508
892 911
892 949
892 992
892 993
892 1542
892 1555
892 1597
892 1712
897 1184
897 1197
897 1561
897 1724
898 911
898 1184
898 1188
898 1538
898 1740
899 1036
900 914
902 932
902 1293
902 1296
907 1003
907 1353
907 1716
911 1235
911 1284
911 1378
911 1512
911 1519
911 1667
912 939
912 948
912 949
912 1161
913 1235
914 927
914 985
918 941
918 1005
918 1247
918 1282
918 1316
918 1392
918 1448
918 1513
918 1519
918 1597
923 1157
925 940
925 991
925 1076
926 1280
926 1357
926 1488
927 942
927 963
927 964
927 998
927 1008
927 1112
927 1264
927 1400
927 1405
927 1519
927 1561
931 1268
931 1561
932 1112
932 1213
932 1564
932 1686
933 1025
933 1095
937 1033
937 1034
937 1164
937 1188
937 1264
937 1282
937 1322
937 1395
937 1538
937 1712
938 974
938 976
938 985
938 1020
938 1028
938 1039
938 1049
938 1091
938 1102
938 1137
939 1615
941 942
941 1117
941 1313
941 1341
941 1416
941 1421
941 1666
942 1038
942 1542
943 1235
943 1280
943 1517
948 968
948 1067
948 1214
948 1471
948 1643
948 1647
949 1025
949 1092
949 1130
949 1131
949 1135
949 1280
949 1282
949 1283
949 1345
949 1401
949 1664
951 1319
951 1325
951 1327
951 1542
952 953
956 1508
957 958
957 1538
960 968
961 1028
961 1203
962 966
962 1104
962 1141
962 1230
962 1245
962 1647
963 1201
963 1331
965 1137
965 1170
965 1247
966 1157
966 1488
966 1556
966 1597
968 989
968 998
968 1112
968 1188
968 1235
968 1400
968 1412
968 1415
968 1542
968 1666
968 1668
968 1712
968 1724
968 1755
968 1866
969 1020
969 1254
969 1433
969 1512
969 1564
969 1640
969 1747
970 971
970 973
970 1126
972 1600
972 1696
973 977
973 1414
973 1486
973 1542
973 1668
974 1088
974 1188
974 1282
974 1284
974 1432
974 1542
974 1712
974 1740
975 984
977 978
978 1668
979 1254
979 1602
980 1020
982 984
982 1078
982 1271
982 1324
982 1325
982 1328
982 1432
982 1440
982 1666
982 1875
983 985
983 1207
983 1230
983 1235
983 1252
983 1254
983 1597
983 1635
985 990
985 1035
985 1264
985 1282
985 1309
985 1424
985 1597
985 1657
986 1112
986 1268
986 1282
986 1712
986 1898
989 997
989 1112
989 1141
989 1235
989 1238
989 1305
990 991
990 1003
990 1093
990 1182
991 999
991 1107
992 993
992 1357
992 1401
992 1859
993 1053
993 1055
993 1102
993 1117
993 1125
993 1283
993 1297
993 1374
993 1394
993 1401
993 1539
994 1137
994 1643
994 1726
994 1748
996 1041
996 1126
996 1412
996 1424
996 1538
997 1282
999 1002
999 1025
999 1033
999 1034
999 1039
999 1040
999 1284
1001 1051
1001 1184
1002 1198
1003 1007
1003 1011
1003 1031
1003 1055
1003 1071
1003 1102
1003 1280
1004 1235
1004 1280
1004 1646
1004 1687
1005 1198
1005 1235
1005 1259
1005 1280
1005 1334
1005 1447
1005 1597
1007 1031
1008 1345
1008 1584
1011 1106
1011 1184
1011 1475
1012 1252
1012 1290
1012 1311
1012 1345
1012 1364
1012 1488
1012 1695
1012 1700
1012 1888
1012 1893
1013 1019
1013 1045
1013 1193
1013 1312
1013 1486
1014 1126
1014 1188
1017 1172
1017 1216
1017 1226
1017 1235
1017 1280
1017 1282
1017 1334
1017 1358
1017 1398
1017 1401
1017 1439
1017 1484
1017 1490
1017 1566
1017 1584
1017 1643
1018 1135
1018 1184
1018 1506
1020 1028
1020 1068
1020 1103
1020 1188
1020 1198
1020 1284
1020 1421
1020 1448
1020 1488
1020 1507
1020 1538
1020 1656
1020 1745
1020 1877
1020 1894
1022 1068
1022 1071
1022 1116
1022 1280
1022 1401
1022 1765
1023 1538
1025 1037
1025 1044
1025 1049
1025 1118
1025 1212
1025 1235
1025 1284
1025 1516
1025 1660
1025 1685
1025 1712
1025 1715
1025 1716
1025 1835
1027 1031
1028 1236
1028 1325
1028 1339
1028 1471
1028 1488
1028 1542
1028 1664
1028 1712
1028 1740
1028 1745
1030 1108
1030 1179
1030 1738
1031 1055
1031 1185
1031 1212
1031 1282
1032 1055
1032 1071
1032 1136
1032 1157
1032 1187
1032 1208
1032 1210
1032 1279
1032 1280
1032 1291
1032 1354
1032 1376
1032 1380
1032 1401
1032 1422
1032 1434
1032 1442
1032 1495
1032 1584
1032 1593
1032 1604
1033 1035
1033 1038
1033 1041
1033 1117
1033 1126
1033 1127
1033 1165
1033 1188
1033 1189
1033 1252
1033 1282
1033 1312
1033 1337
1033 1575
1033 1623
1033 1729
1035 1038
1035 1122
1035 1183
1035 1324
1035 1337
1035 1519
1036 1071
1036 1279
1036 1516
1037 1038
1037 1279
1037 1280
1037 1488
1038 1041
1038 1226
1038 1268
1038 1282
1038 1286
1038 1315
1038 1538
1038 1597
1038 1631
1039 1044
1041 1055
1041 1243
1041 1254
1041 1259
1041 1280
1041 1329
1041 1337
1041 1567
1041 1623
1041 1640
1041 1647
1041 1674
1041 1729
1041 1791
1042 1071
1042 1141
1042 1235
1042 1584
1043 1183
1043 1401
1045 1542
1048 1049
1048 1198
1048 1664
1048 1740
1049 1145
1049 1166
1049 1235
1049 1453
1050 1177
1050 1282
1051 1117
1051 1135
1051 1183
1051 1237
1051 1259
1051 1337
1051 1364
1051 1623
1051 1647
1051 1788
1051 1791
1051 1795
1051 1858
1051 1864
1051 1867
1051 1880
1052 1075
1052 1268
1055 1185
1055 1374
1055 1538
1055 1668
1057 1141
1058 1242
1058 1602
1059 1116
1059 1186
1060 1061
1061 1189
1061 1348
1061 1418
1061 1443
1061 1450
1061 1452
1061 1454
1061 1469
1062 1282
1062 1547
1062 1748
1063 1215
1063 1374
1064 1280
1065 1071
1065 1425
1065 1496
1067 1188
1067 1234
1067 1333
1067 1538
1067 1561
1068 1331
1068 1338
1068 1475
1068 1538
1068 1716
1068 1726
1070 1129
1070 1254
1070 1342
1071 1079
1071 1104
1071 1157
1071 1188
1071 1291
1071 1296
1071 1432
1071 1712
1071 1724
1073 1712
1074 1439
1074 1623
1074 1674
1074 1747
1075 1081
1076 1184
1077 1078
1078 1312
1078 1343
1078 1615
1078 1623
1078 1643
1078 1864
1078 1880
1079 1206
1080 1341
1082 1126
1082 1180
1082 1214
1082 1286
1082 1401
1086 1087
1086 1130
1086 1131
1086 1135
1086 1182
1086 1186
1086 1269
1086 1282
1086 1283
1088 1364
1088 1366
1088 1411
1090 1268
1090 1311
1091 1268
1092 1130
1092 1131
1092 1205
1092 1623
1096 1103
1096 1169
1096 1188
1096 1269
1096 1282
1096 1898
1099 1214
1099 1247
1099 1618
1100 1137
1100 1416
1100 1492
1102 1117
1102 1152
1102 1188
1102 1304
1102 1440
1102 1538
1102 1542
1102 1712
1104 1153
1104 1282
1104 1283
1104 1408
1104 1439
1106 1597
1109 1145
1109 1433
1110 1189
1110 1581
1112 1130
1112 1159
1112 1160
1112 1181
1112 1206
1112 1213
1112 1215
1112 1254
1112 1282
1112 1293
1112 1305
1112 1342
1112 1347
1112 1394
1112 1435
1112 1462
1112 1467
1112 1492
1112 1508
1112 1516
1112 1540
1112 1552
1112 1564
1112 1567
1112 1602
1112 1646
1112 1664
1113 1187
1113 1423
1116 1226
1116 1294
1116 1334
1116 1506
1116 1712
1116 1875
1117 1230
1117 1235
1117 1280
1117 1282
1117 1520
1117 1541
1117 1542
1117 1600
1117 1666
1117 1677
1117 1712
1117 1736
1122 1324
1122 1325
1125 1177
1125 1301
1126 1136
1126 1168
1126 1188
1126 1202
1126 1226
1126 1250
1126 1259
1126 1268
1126 1273
1126 1283
1126 1290
1126 1339
1126 1349
1126 1382
1126 1572
1126 1584
1126 1602
1126 1664
1126 1723
1126 1736
1126 1748
1126 1770
1126 1793
1126 1795
1128 1322
1129 1184
1129 1271
1129 1525
1129 1712
1129 1755
1130 1186
1130 1538
1131 1135
1131 1155
1131 1173
1131 1284
1131 1424
1131 1646
1131 1685
1135 1157
1135 1214
1135 1269
1135 1282
1135 1597
1135 1626
1136 1339
1137 1282
1137 1366
1137 1378
1137 1380
1137 1382
1137 1388
1137 1415
1141 1184
1141 1226
1141 1235
1141 1267
1141 1268
1141 1286
1141 1319
1141 1325
1141 1367
1141 1414
1141 1516
1141 1708
1144 1332
1152 1235
1156 1252
1156 1736
1157 1177
1157 1216
1157 1254
1157 1282
1157 1376
1157 1422
1157 1496
1157 1497
1157 1564
1157 1584
1157 1593
1157 1664
1162 1210
1164 1597
1166 1194
1166 1236
1166 1279
1166 1282
1166 1423
1166 1539
1166 1846
1166 1847
1166 1852
1167 1230
1167 1252
1167 1282
1167 1297
1167 1330
1167 1443
1167 1539
1167 1597
1167 1623
1167 1749
1167 1791
1167 1882
1168 1282
1168 1538
1170 1641
1171 1172
1172 1184
1172 1252
1172 1280
1172 1322
1172 1337
1172 1572
1172 1615
1173 1433
1173 1597
1174 1245
1174 1623
1175 1597
1176 1647
1177 1188
1177 1327
1177 1331
1177 1396
1177 1712
1178 1508
1178 1539
1179 1182
1179 1266
1179 1392
1180 1183
1180 1188
1180 1193
1180 1271
1180 1519
1180 1544
1180 1666
1180 1712
1182 1186
1182 1189
1182 1224
1182 1229
1182 1282
1182 1348
1182 1353
1182 1354
1182 1355
1182 1359
1182 1360
1182 1439
1182 1481
1182 1702
1182 1726
1182 1782
1183 1188
1183 1405
1183 1471
1183 1507
1183 1521
1183 1538
1183 1549
1184 1219
1184 1225
1184 1226
1184 1235
1184 1311
1184 1328
1184 1349
1184 1371
1184 1382
1184 1401
1184 1402
1184 1405
1184 1416
1184 1443
1184 1586
1185 1212
1185 1357
1185 1815
1186 1188
1186 1229
1186 1282
1186 1283
1186 1597
1187 1538
1188 1190
1188 1195
1188 1216
1188 1235
1188 1237
1188 1243
1188 1254
1188 1259
1188 1260
1188 1279
1188 1281
1188 1290
1188 1337
1188 1369
1188 1401
1188 1406
1188 1416
1188 1443
1188 1480
1188 1488
1188 1519
1188 1553
1188 1559
1188 1646
1188 1664
1188 1687
1189 1280
1189 1284
1189 1286
1189 1348
1189 1351
1189 1405
1189 1487
1189 1567
1189 1579
1189 1581
1189 1584
1189 1597
1189 1722
1190 1372
1191 1529
1194 1282
1194 1597
1194 1712
1195 1538
1197 1229
1197 1745
1198 1203
1205 1538
1207 1282
1209 1279
1210 1376
1210 1436
1210 1538
1212 1280
1212 1283
1212 1401
1212 1405
1213 1235
1213 1238
1213 1542
1214 1280
1214 1282
1214 1286
1214 1316
1214 1349
1214 1471
1214 1542
1214 1597
1214 1712
1214 1898
1216 1235
1216 1284
1216 1343
1216 1840
1216 1898
1217 1248
1218 1240
1218 1255
1218 1403
1218 1412
1222 1268
1223 1235
1223 1320
1223 1405
1224 1392
1225 1486
1226 1235
1226 1236
1226 1237
1226 1252
1226 1280
1226 1282
1226 1597
1230 1251
1230 1253
1230 1254
1230 1280
1230 1282
1230 1285
1230 1338
1230 1358
1230 1555
1230 1600
1230 1604
1230 1666
1230 1712
1230 1737
1230 1749
1230 1782
1230 1785
1231 1268
1232 1298
1233 1253
1233 1338
1233 1712
1234 1392
1234 1401
1234 1467
1235 1236
1235 1258
1235 1273
1235 1286
1235 1301
1235 1325
1235 1328
1235 1339
1235 1371
1235 1373
1235 1378
1235 1412
1236 1723
1237 1271
1237 1471
1243 1271
1243 1274
1243 1279
1243 1282
1243 1286
1243 1316
1243 1712
1245 1271
1245 1280
1245 1282
1245 1309
1245 1331
1245 1385
1245 1399
1245 1541
1245 1555
1245 1597
1245 1600
1245 1712
1245 1749
1245 1782
1247 1278
1247 1280
1247 1322
1247 1575
1247 1675
1248 1835
1251 1401
1251 1564
1251 1597
1251 1615
1252 1271
1252 1280
1252 1283
1252 1286
1252 1342
1252 1364
1252 1407
1252 1460
1252 1623
1252 1684
1252 1687
1252 1743
1252 1764
1252 1772
1254 1331
1254 1333
1254 1334
1254 1338
1254 1341
1254 1348
1254 1358
1254 1402
1254 1521
1254 1538
1254 1542
1254 1567
1254 1652
1254 1672
1254 1693
1254 1736
1254 1755
1254 1779
1254 1785
1255 1679
1259 1271
1259 1282
1259 1542
1261 1416
1261 1597
1263 1282
1264 1597
1267 1268
1267 1312
1267 1325
1267 1405
1268 1300
1268 1315
1268 1371
1268 1374
1268 1401
1268 1451
1268 1455
1268 1456
1268 1457
1268 1458
1268 1459
1268 1501
1268 1646
1269 1282
1270 1328
1271 1279
1271 1280
1271 1345
1271 1401
1271 1402
1272 1273
1272 1284
1273 1280
1273 1357
1278 1280
1278 1600
1279 1280
1279 1282
1279 1286
1279 1316
1279 1325
1279 1338
1279 1402
1279 1542
1279 1584
1279 1666
1279 1712
1279 1737
1279 1782
1279 1785
1279 1891
1280 1282
1280 1286
1280 1290
1280 1309
1280 1324
1280 1343
1280 1344
1280 1348
1280 1355
1280 1372
1280 1373
1280 1376
1280 1381
1280 1396
1280 1413
1280 1428
1280 1462
1280 1498
1280 1555
1280 1597
1280 1761
1280 1770
1281 1541
1281 1542
1281 1597
1281 1600
1281 1646
1281 1712
1281 1740
1281 1772
1282 1294
1282 1296
1282 1301
1282 1309
1282 1314
1282 1324
1282 1325
1282 1338
1282 1339
1282 1340
1282 1341
1282 1342
1282 1343
1282 1349
1282 1357
1282 1358
1282 1372
1282 1377
1282 1381
1282 1382
1282 1385
1282 1389
1282 1390
1282 1401
1282 1539
1282 1579
1282 1616
1282 1647
1283 1316
1283 1325
1283 1587
1283 1898
1284 1311
1284 1312
1284 1341
1284 1364
1284 1386
1284 1412
1284 1508
1284 1564
1284 1599
1284 1623
1284 1640
1284 1643
1284 1730
1284 1770
1284 1791
1285 1334
1285 1338
1285 1341
1285 1342
1285 1358
1288 1488
1289 1401
1289 1676
1290 1294
1290 1334
1290 1415
1290 1556
1290 1835
1291 1422
1294 1372
1295 1338
1296 1300
1296 1641
1296 1646
1296 1770
1298 1338
1298 1538
1298 1561
1298 1645
1298 1712
1301 1314
1303 1597
1303 1643
1305 1372
1307 1338
1307 1712
1307 1715
1307 1785
1309 1574
1309 1791
1311 1312
1311 1331
1311 1343
1311 1386
1311 1433
1311 1542
1311 1544
1311 1655
1311 1666
1311 1712
1311 1755
1312 1331
1312 1372
1312 1386
1312 1402
1312 1405
1312 1433
1312 1578
1312 1623
1312 1712
1313 1345
1314 1723
1315 1542
1315 1656
1316 1317
1316 1416
1318 1401
1318 1507
1320 1835
1324 1325
1324 1339
1325 1339
1325 1425
1327 1420
1327 1475
1328 1345
1328 1579
1328 1597
1328 1643
1331 1341
1331 1394
1331 1435
1331 1436
1331 1544
1331 1564
1331 1584
1331 1623
1331 1729
1331 1736
1331 1751
1331 1780
1331 1795
1334 1341
1334 1358
1334 1398
1334 1402
1334 1693
1337 1446
1337 1507
1337 1538
1337 1600
1337 1749
1337 1814
1337 1867
1338 1343
1338 1401
1338 1416
1338 1467
1338 1488
1338 1490
1338 1534
1338 1545
1338 1553
1338 1623
1339 1373
1339 1406
1339 1477
1339 1623
1339 1770
1339 1835
1341 1342
1341 1358
1341 1538
1341 1561
1341 1712
1342 1358
1342 1405
1342 1516
1342 1542
1342 1618
1342 1706
1342 1795
1343 1386
1343 1433
1343 1597
1343 1689
1343 1712
1343 1782
1343 1785
1343 1851
1345 1432
1345 1471
1345 1499
1345 1538
1345 1561
1345 1656
1345 1666
1345 1677
1345 1687
1345 1712
1345 1755
1345 1782
1345 1867
1345 1877
1348 1584
1348 1623
1349 1372
1351 1579
1353 1438
1355 1420
1355 1508
1357 1380
1358 1398
1358 1496
1358 1597
1358 1693
1361 1405
1361 1607
1361 1623
1361 1699
1361 1747
1361 1835
1361 1877
1363 1392
1364 1365
1364 1366
1364 1392
1364 1411
1366 1411
1366 1484
1367 1584
1371 1898
1372 1404
1372 1539
1372 1791
1374 1471
1374 1473
1374 1528
1374 1755
1375 1542
1376 1422
1376 1593
1377 1634
1378 1401
1378 1433
1378 1539
1378 1564
1378 1667
1379 1740
1380 1382
1380 1412
1382 1462
1382 1541
1382 1600
1382 1635
1383 1712
1384 1542
1385 1579
1386 1433
1386 1534
1386 1712
1390 1740
1392 1423
1392 1426
1392 1491
1392 1612
1392 1835
1394 1542
1394 1685
1394 1745
1394 1771
1395 1617
1396 1654
1396 1838
1397 1623
1398 1791
1399 1410
1399 1555
1400 1508
1401 1446
1401 1478
1401 1538
1401 1555
1401 1600
1401 1618
1401 1680
1401 1865
1402 1484
1402 1755
1405 1420
1405 1486
1405 1602
1405 1641
1405 1648
1405 1714
1405 1743
1405 1747
1407 1623
1407 1719
1407 1736
1409 1506
1409 1637
1411 1600
1412 1415
1412 1443
1412 1584
1412 1667
1414 1424
1416 1898
1418 1439
1419 1522
1419 1572
1420 1448
1422 1668
1423 1426
1425 1698
1426 1467
1428 1571
1430 1675
1432 1443
1433 1534
1433 1561
1433 1600
1433 1668
1433 1678
1433 1712
1435 1545
1435 1561
1435 1666
1435 1712
1435 1733
1435 1734
1435 1755
1435 1756
1435 1898
1436 1453
1439 1494
1439 1508
1439 1516
1439 1539
1439 1646
1439 1747
1439 1781
1442 1538
1443 1444
1446 1499
1446 1569
1447 1577
1448 1488
1448 1492
1451 1538
1452 1726
1462 1468
1462 1712
1465 1711
1466 1542
1467 1553
1469 1507
1471 1488
1471 1564
1471 1597
1471 1655
1471 1747
1471 1788
1473 1492
1473 1792
1474 1607
1478 1597
1484 1542
1484 1597
1484 1755
1486 1519
1486 1542
1486 1597
1486 1625
1486 1672
1486 1889
1487 1723
1487 1864
1487 1869
1487 1874
1487 1876
1487 1883
1487 1884
1487 1885
1487 1886
1487 1887
1487 1888
1488 1532
1488 1587
1488 1589
1490 1785
1492 1583
1492 1655
1492 1712
1493 1736
1495 1597
1496 1593
1496 1712
1496 1740
1496 1898
1499 1623
1500 1520
1501 1502
1501 1692
1504 1600
1506 1533
1506 1716
1507 1520
1507 1579
1508 1510
1508 1513
1508 1514
1508 1565
1508 1623
1508 1668
1508 1679
1508 1743
1509 1538
1510 1618
1512 1519
1512 1736
1513 1517
1513 1597
1513 1651
1515 1646
1516 1561
1516 1602
1516 1785
1517 1522
1517 1623
1519 1539
1519 1658
1519 1878
1520 1668
1521 1523
1521 1564
1521 1579
1521 1586
1521 1597
1521 1615
1521 1617
1525 1581
1529 1712
1534 1752
1538 1562
1538 1567
1538 1572
1538 1581
1538 1584
1538 1615
1538 1617
1538 1619
1538 1621
1538 1627
1538 1631
1538 1636
1538 1638
1538 1639
1538 1640
1538 1643
1538 1645
1538 1646
1538 1648
1539 1542
1539 1547
1539 1600
1539 1668
1539 1694
1539 1699
1539 1712
1539 1724
1539 1737
1539 1743
1539 1835
1541 1597
1541 1749
1542 1545
1542 1552
1542 1564
1542 1581
1542 1617
1542 1623
1542 1626
1542 1636
1542 1674
1542 1711
1542 1714
1542 1718
1542 1723
1542 1738
1542 1767
1542 1787
1542 1795
1542 1803
1542 1807
1542 1830
1542 1838
1542 1846
1542 1847
1542 1854
1542 1860
1542 1864
1542 1869
1542 1878
1544 1555
1544 1556
1544 1575
1544 1579
1544 1585
1544 1590
1544 1753
1545 1546
1545 1553
1545 1572
1545 1591
1545 1618
1545 1712
1545 1785
1545 1874
1546 1549
1547 1597
1547 1666
1547 1712
1547 1867
1550 1635
1550 1647
1551 1552
1553 1579
1553 1712
1555 1556
1555 1570
1555 1576
1555 1581
1555 1585
1555 1731
1556 1585
1556 1623
1556 1754
1556 1807
1557 1597
1560 1597
1561 1564
1561 1878
1562 1712
1563 1564
1564 1656
1564 1677
1564 1678
1564 1712
1564 1755
1564 1875
1567 1568
1567 1584
1571 1711
1572 1712
1575 1664
1576 1579
1578 1666
1579 1585
1579 1675
1581 1584
1581 1597
1582 1791
1584 1597
1584 1668
1584 1676
1584 1712
1584 1782
1584 1785
1584 1787
1585 1594
1590 1597
1595 1606
1596 1597
1597 1598
1597 1654
1597 1703
1600 1615
1600 1623
1600 1635
1600 1643
1600 1645
1600 1665
1600 1674
1600 1689
1600 1767
1600 1780
1600 1795
1600 1857
1600 1858
1600 1871
1600 1874
1600 1890
1601 1677
1602 1613
1602 1652
1602 1755
1602 1785
1607 1646
1610 1611
1618 1628
1618 1640
1618 1643
1618 1647
1620 1662
1622 1643
1623 1625
1623 1656
1623 1677
1623 1685
1623 1699
1623 1703
1623 1712
1623 1715
1623 1726
1623 1755
1623 1757
1623 1771
1623 1780
1623 1782
1623 1785
1623 1809
1623 1810
1623 1861
1623 1863
1623 1865
1623 1867
1623 1870
1623 1877
1625 1782
1626 1647
1628 1712
1628 1755
1632 1637
1637 1645
1638 1736
1640 1654
1640 1656
1640 1668
1641 1880
1643 1685
1643 1697
1643 1712
1643 1753
1643 1755
1643 1757
1643 1791
1643 1865
1646 1653
1646 1656
1646 1668
1646 1687
1646 1712
1647 1712
1648 1782
1651 1712
1654 1668
1654 1755
1656 1674
1656 1729
1656 1730
1656 1780
1664 1668
1664 1712
1666 1683
1668 1669
1672 1740
1674 1755
1674 1782
1675 1880
1680 1770
1685 1788
1685 1795
1688 1715
1699 1838
1711 1725
1712 1713
1712 1723
1712 1729
1712 1732
1712 1736
1712 1738
1712 1741
1712 1742
1712 1774
1715 1774
1715 1795
1716 1738
1723 1782
1723 1785
1723 1790
1723 1835
1723 1851
1726 1748
1729 1745
1729 1782
1729 1877
1733 1748
1740 1791
1740 1795
1740 1831
1740 1846
1749 1795
1749 1798
1749 1880
1751 1830
1755 1780
1755 1832
1757 1844
1767 1865
1770 1787
1770 1788
1780 1782
1780 1851
1780 1898
1782 1791
1782 1830
1791 1898
1796 1797
1799 1800
1800 1801
1807 1875
1810 1813
1811 1812
1835 1838
1835 1862
1838 1843
1839 1892
1842 1843
1843 1844
1846 1865
1846 1898
1851 1864
1859 1872
1861 1868
1863 1877
1864 1875
1864 1877
1867 1871
1875 1879
